Provider State,County,WeeksofShortage_of_AD_by_County,WeeksofShortage_of_CS_by_County,WeeksofShortage_of_NS_by_County,WeeksofShortage_of_OS_by_County
AK,Anchorage,54,4,53,37
AK,Bethel,1,NA,NA,NA
AK,Cordova-Mccarthy,16,NA,18,NA
AK,Juneau,28,NA,NA,21
AK,Kenai-Cook Inlet,29,4,13,7
AK,Ketchikan,37,1,40,2
AK,Kodiak Island Borough,8,NA,NA,NA
AK,Matanuska-Susitna,5,5,5,5
AK,Nome,3,3,3,4
AK,Seward,2,2,5,2
AK,Sitka,5,NA,5,6
AK,Valdez-Chitina-Whittier,2,1,1,1
AK,Wrangell-Petersburg,14,1,4,14
AL,Baldwin,168,42,143,74
AL,Barbour,43,NA,43,43
AL,Blount,1,1,2,1
AL,Butler,16,3,3,3
AL,Calhoun,56,14,56,43
AL,Chambers,84,6,82,65
AL,Cherokee,39,3,42,30
AL,Chilton,5,2,5,5
AL,Choctaw,19,1,25,4
AL,Clarke,43,NA,41,NA
AL,Clay,8,NA,9,NA
AL,Coffee,20,1,13,1
AL,Conecuh,30,1,4,1
AL,Coosa,25,1,12,30
AL,Covington,1,1,1,1
AL,Cullman,42,10,43,40
AL,Dale,2,1,1,1
AL,Dallas,52,1,60,5
AL,DeKalb,35,4,35,28
AL,Elmore,1,NA,NA,41
AL,Escambia,72,2,68,73
AL,Etowah,2,4,2,4
AL,Fayette,31,NA,33,NA
AL,Franklin,60,3,52,13
AL,Geneva,12,2,45,6
AL,Greene,29,1,41,6
AL,Hale,40,6,37,37
AL,Henry,43,5,43,30
AL,Houston,30,2,11,8
AL,Jackson,38,2,29,25
AL,Jefferson,258,35,274,109
AL,Lamar,14,1,9,1
AL,Lauderdale,60,4,24,6
AL,Lawrence,32,10,29,21
AL,Lee,91,1,94,38
AL,Limestone,7,NA,1,NA
AL,Lowndes,15,6,14,12
AL,Madison,167,10,169,94
AL,Marengo,17,6,17,20
AL,Marion,69,3,62,29
AL,Marshall,39,1,58,17
AL,Mobile,283,21,301,185
AL,Monroe,1,NA,6,NA
AL,Montgomery,142,10,147,42
AL,Morgan,56,NA,56,35
AL,Perry,38,11,34,33
AL,Pickens,42,1,29,29
AL,Pike,42,1,41,42
AL,Randolph,52,1,58,44
AL,Russell,81,7,52,22
AL,Shelby,15,14,15,14
AL,St. Clair,73,11,52,29
AL,Talladega,43,3,43,2
AL,Tallapoosa,14,2,7,2
AL,Tuscaloosa,27,NA,27,25
AL,Walker,30,15,33,27
AL,Washington,22,2,4,3
AL,Wilcox,21,9,15,27
AR,Arkansas,19,4,11,6
AR,Ashley,10,1,7,9
AR,Baxter,12,NA,1,NA
AR,Benton,53,5,47,28
AR,Boone,1,NA,NA,NA
AR,Bradley,6,NA,NA,NA
AR,Carroll,5,2,3,2
AR,Chicot,5,1,18,2
AR,Clark,17,NA,20,NA
AR,Clay,3,1,1,1
AR,Cleburne,7,NA,NA,NA
AR,Cleveland,1,1,1,1
AR,Columbia,44,1,35,9
AR,Conway,5,1,4,6
AR,Craighead,25,5,25,11
AR,Crawford,39,NA,18,6
AR,Crittenden,92,5,70,26
AR,Cross,42,3,4,5
AR,Dallas,12,NA,5,3
AR,Desha,2,NA,1,NA
AR,Drew,2,NA,NA,NA
AR,Faulkner,31,2,16,1
AR,Franklin,65,NA,44,43
AR,Garland,48,1,17,19
AR,Greene,38,2,40,4
AR,Hot Spring,8,2,11,2
AR,Howard,4,2,2,2
AR,Independence,14,1,1,2
AR,Izard,5,3,3,3
AR,Jackson,6,NA,14,1
AR,Jefferson,111,6,106,47
AR,Lafayette,33,2,34,3
AR,Lawrence,33,4,16,7
AR,Lee,7,1,5,7
AR,Lincoln,20,NA,3,NA
AR,Little River,11,NA,14,3
AR,Logan,1,1,1,1
AR,Lonoke,26,2,8,12
AR,Madison,15,NA,1,NA
AR,Marion,20,NA,19,NA
AR,Miller,5,3,4,3
AR,Mississippi,7,5,6,10
AR,Monroe,30,1,2,6
AR,Montgomery,10,2,10,7
AR,Nevada,9,1,6,1
AR,Newton,1,NA,NA,NA
AR,Ouachita,20,1,35,2
AR,Perry,2,3,2,2
AR,Phillips,21,NA,25,2
AR,Pike,3,3,3,3
AR,Poinsett,6,1,2,2
AR,Pope,13,3,15,5
AR,Prairie,32,1,20,16
AR,Pulaski,151,24,147,60
AR,Randolph,16,1,1,2
AR,Saline,12,4,4,4
AR,Searcy,12,5,6,6
AR,Sebastian,7,5,4,4
AR,Sharp,8,3,3,8
AR,St. Francis,1,1,1,1
AR,Union,53,19,25,21
AR,Van Buren,28,1,9,2
AR,Washington,71,2,10,2
AR,White,25,1,17,1
AR,Woodruff,1,NA,NA,1
AR,Yell,1,1,1,1
AZ,Apache,39,33,39,38
AZ,Cochise,18,NA,23,28
AZ,Coconino,31,5,13,15
AZ,Gila,81,1,81,60
AZ,Maricopa,518,40,466,239
AZ,Mohave,8,6,7,7
AZ,Navajo,27,1,20,13
AZ,Pima,221,19,202,107
AZ,Pinal,22,3,7,3
AZ,Yavapai,80,5,64,18
AZ,Yuma,14,1,16,3
CA,Alameda,86,5,54,19
CA,Butte,5,1,5,1
CA,Colusa,1,NA,1,1
CA,Contra Costa,33,1,30,12
CA,El Dorado,31,2,7,2
CA,Fresno,5,1,6,1
CA,Glenn,2,NA,NA,NA
CA,Humboldt,1,1,NA,1
CA,Imperial,4,NA,5,3
CA,Kern,8,4,5,2
CA,Lake,1,NA,1,1
CA,Los Angeles,338,46,231,103
CA,Madera,2,NA,1,NA
CA,Marin,6,1,4,1
CA,Mendocino,3,NA,3,2
CA,Merced,1,1,1,1
CA,Modoc,1,NA,NA,NA
CA,Monterey,6,2,4,3
CA,Napa,1,NA,1,NA
CA,Nevada,1,NA,1,2
CA,Orange,25,3,16,7
CA,Placer,33,NA,3,3
CA,Riverside,73,7,70,13
CA,Sacramento,43,3,11,4
CA,San Bernardino,40,6,35,19
CA,San Diego,114,1,126,19
CA,San Francisco,5,2,4,4
CA,San Joaquin,71,33,41,4
CA,San Luis Obispo,1,1,1,1
CA,San Mateo,9,3,9,4
CA,Santa Barbara,11,NA,10,NA
CA,Santa Clara,24,1,32,14
CA,Shasta,4,3,3,3
CA,Solano,8,2,9,3
CA,Sonoma,8,NA,5,NA
CA,Stanislaus,11,1,18,2
CA,Tulare,1,2,2,1
CA,Tuolumne,1,1,1,1
CA,Ventura,15,1,3,1
CA,Yolo,4,2,4,2
CA,Yuba,1,NA,NA,NA
CO,Adams,168,38,174,136
CO,Alamosa,38,1,34,26
CO,Arapahoe,75,11,13,20
CO,Baca,70,3,73,61
CO,Bent,6,5,5,5
CO,Boulder,66,7,37,53
CO,Cheyenne,40,1,17,15
CO,Crowley,7,2,5,4
CO,Delta,39,3,28,9
CO,Denver,156,46,126,97
CO,Douglas,33,14,34,17
CO,El Paso,123,14,82,52
CO,Fremont,141,10,101,79
CO,Garfield,45,5,29,36
CO,Gunnison,28,NA,41,2
CO,Jefferson,169,33,156,129
CO,Kit Carson,1,2,1,1
CO,La Plata,8,NA,NA,NA
CO,Larimer,39,10,85,13
CO,Lincoln,10,NA,23,1
CO,Logan,19,1,44,2
CO,Mesa,54,7,35,19
CO,Moffat,4,NA,4,NA
CO,Montrose,21,4,15,5
CO,Morgan,34,3,56,22
CO,Otero,12,NA,10,NA
CO,Phillips,19,1,3,2
CO,Prowers,13,2,11,17
CO,Pueblo,134,5,103,11
CO,Rio Blanco,19,NA,10,4
CO,Rio Grande,24,3,14,9
CO,Routt,29,NA,22,21
CO,Sedgwick,20,21,21,22
CO,Teller,22,1,14,1
CO,Washington,11,3,20,3
CO,Weld,50,10,115,17
CO,Yuma,6,NA,21,NA
CT,Fairfield,57,43,51,54
CT,Hartford,141,67,154,82
CT,Litchfield,6,4,26,5
CT,Middlesex,42,13,23,14
CT,New Haven,91,36,81,48
CT,New London,132,10,96,41
CT,Tolland,63,21,56,31
CT,Windham,19,8,21,5
DC,District Of Columbia,125,16,100,69
DE,Kent,15,2,23,18
DE,New Castle,154,15,82,60
DE,Sussex,78,3,83,57
FL,Alachua,33,5,16,6
FL,Bay,36,2,37,29
FL,Bradford,9,4,7,4
FL,Brevard,165,23,145,43
FL,Broward,99,41,81,48
FL,Charlotte,11,3,4,4
FL,Citrus,46,5,6,6
FL,Clay,65,5,64,18
FL,Collier,21,NA,15,5
FL,Columbia,76,4,64,20
FL,DeSoto,32,1,17,1
FL,Duval,147,30,164,59
FL,Escambia,185,13,189,64
FL,Flagler,18,1,14,1
FL,Franklin,4,NA,4,NA
FL,Gadsden,42,NA,42,42
FL,Gulf,4,2,2,2
FL,Hamilton,3,NA,3,NA
FL,Hardee,13,2,14,6
FL,Hendry,38,3,3,3
FL,Hernando,16,3,5,14
FL,Highlands,53,10,54,42
FL,Hillsborough,119,30,116,40
FL,Indian River,3,1,2,NA
FL,Jackson,3,NA,4,1
FL,Jefferson,43,1,43,34
FL,Lake,114,51,109,98
FL,Lee,107,24,97,61
FL,Leon,73,6,81,30
FL,Levy,1,1,1,1
FL,Madison,1,1,1,2
FL,Manatee,87,5,76,7
FL,Marion,19,1,18,5
FL,Martin,14,1,1,3
FL,Miami-Dade,192,75,184,156
FL,Monroe,6,1,6,NA
FL,Nassau,26,1,31,3
FL,Okaloosa,42,33,40,24
FL,Orange,76,26,106,38
FL,Osceola,66,5,59,12
FL,Palm Beach,79,28,91,73
FL,Pasco,89,8,36,9
FL,Pinellas,447,99,368,237
FL,Polk,138,32,134,38
FL,Putnam,25,9,20,15
FL,Sarasota,72,19,85,48
FL,Seminole,17,9,17,19
FL,St. Johns,26,13,18,12
FL,St. Lucie,44,14,42,16
FL,Sumter,4,2,4,2
FL,Suwannee,42,2,43,41
FL,Taylor,40,NA,37,NA
FL,Volusia,175,23,142,79
FL,Wakulla,1,1,1,1
FL,Walton,15,NA,15,5
FL,Washington,18,2,15,2
GA,Appling,34,NA,30,NA
GA,Bacon,3,NA,3,NA
GA,Baldwin,26,4,28,5
GA,Bartow,17,2,22,1
GA,Ben Hill,20,1,6,1
GA,Berrien,43,NA,43,30
GA,Bibb,203,4,194,114
GA,Bleckley,43,1,41,1
GA,Brooks,36,2,31,19
GA,Bryan,3,NA,1,34
GA,Bulloch,101,16,61,29
GA,Burke,15,8,15,11
GA,Butts,43,NA,25,43
GA,Camden,4,2,2,2
GA,Candler,76,16,57,54
GA,Carroll,38,2,54,5
GA,Catoosa,36,NA,35,2
GA,Chatham,161,80,153,112
GA,Chattooga,1,NA,NA,NA
GA,Cherokee,43,NA,26,32
GA,Clarke,4,3,3,3
GA,Clay,20,NA,41,12
GA,Clayton,15,5,13,5
GA,Cobb,43,6,75,11
GA,Coffee,14,2,18,3
GA,Columbia,83,2,87,14
GA,Coweta,48,1,44,45
GA,Crawford,2,1,9,2
GA,Crisp,68,8,69,29
GA,Decatur,7,2,7,2
GA,DeKalb,254,43,191,121
GA,Dodge,4,NA,4,NA
GA,Dooly,15,NA,27,4
GA,Dougherty,24,1,16,2
GA,Douglas,1,1,1,1
GA,Early,26,4,16,14
GA,Effingham,1,NA,NA,NA
GA,Elbert,15,NA,22,28
GA,Emanuel,22,1,25,1
GA,Evans,41,NA,26,3
GA,Fannin,4,2,NA,NA
GA,Fayette,38,1,39,1
GA,Floyd,128,2,122,89
GA,Forsyth,17,3,26,11
GA,Franklin,9,2,11,2
GA,Fulton,201,10,195,95
GA,Gilmer,13,2,14,2
GA,Glascock,43,2,41,36
GA,Glynn,90,1,108,80
GA,Gordon,64,4,37,33
GA,Grady,3,2,2,2
GA,Greene,65,5,70,58
GA,Gwinnett,32,8,21,10
GA,Habersham,18,2,16,2
GA,Hall,12,7,13,10
GA,Hancock,72,2,74,75
GA,Haralson,60,10,36,19
GA,Harris,20,1,16,4
GA,Hart,43,43,43,44
GA,Houston,117,4,87,70
GA,Irwin,45,3,45,29
GA,Jackson,42,NA,42,40
GA,Jasper,38,NA,38,11
GA,Jeff Davis,1,1,1,1
GA,Jefferson,39,2,12,1
GA,Johnson,32,NA,41,NA
GA,Jones,85,2,85,34
GA,Lamar,5,1,5,5
GA,Laurens,51,3,85,18
GA,Lee,1,NA,NA,NA
GA,Liberty,13,1,15,14
GA,Lowndes,8,1,7,9
GA,Lumpkin,34,NA,32,3
GA,Macon,26,2,27,26
GA,Madison,26,1,9,3
GA,Marion,43,NA,29,3
GA,McDuffie,40,NA,43,4
GA,Meriwether,37,NA,34,9
GA,Mitchell,27,2,30,20
GA,Monroe,49,5,40,25
GA,Morgan,4,NA,7,9
GA,Muscogee,180,44,174,103
GA,Newton,30,NA,30,5
GA,Oconee,1,1,1,1
GA,Oglethorpe,42,NA,42,40
GA,Paulding,23,NA,19,NA
GA,Peach,43,NA,43,43
GA,Pickens,42,NA,42,8
GA,Polk,77,NA,85,64
GA,Pulaski,12,4,15,9
GA,Putnam,26,NA,13,21
GA,Rabun,43,NA,43,43
GA,Richmond,70,7,39,35
GA,Rockdale,41,NA,49,2
GA,Screven,43,NA,43,43
GA,Seminole,37,3,23,38
GA,Spalding,2,1,1,2
GA,Stephens,6,6,7,7
GA,Stewart,27,1,19,7
GA,Sumter,73,3,74,34
GA,Tattnall,58,NA,65,54
GA,Taylor,25,1,4,2
GA,Telfair,3,NA,7,3
GA,Terrell,4,3,4,3
GA,Thomas,14,2,14,6
GA,Tift,23,1,43,1
GA,Toombs,81,2,35,17
GA,Treutlen,12,NA,4,NA
GA,Troup,77,7,75,46
GA,Twiggs,27,NA,23,1
GA,Union,7,NA,5,21
GA,Upson,44,6,51,49
GA,Walker,54,2,49,47
GA,Walton,38,2,37,11
GA,Ware,103,9,87,77
GA,Warren,42,5,43,30
GA,Washington,46,19,76,18
GA,Wayne,58,1,58,1
GA,Wheeler,3,1,4,1
GA,White,14,2,17,14
GA,Whitfield,77,4,77,42
GA,Wilcox,30,1,29,NA
GA,Wilkinson,2,1,2,2
GA,Worth,5,NA,NA,1
HI,Hawaii,52,2,48,51
HI,Honolulu,317,13,199,150
HI,Kauai,25,6,6,6
HI,Maui,2,1,1,1
IA,Adair,55,3,41,44
IA,Allamakee,60,5,30,4
IA,Appanoose,7,NA,7,3
IA,Audubon,43,NA,41,20
IA,Benton,35,1,15,17
IA,Black Hawk,154,4,154,66
IA,Boone,26,2,28,3
IA,Bremer,94,3,115,29
IA,Buchanan,22,NA,17,NA
IA,Buena Vista,1,NA,1,NA
IA,Butler,85,8,77,83
IA,Calhoun,27,2,14,16
IA,Carroll,118,7,98,85
IA,Cass,58,3,63,14
IA,Cedar,56,2,48,9
IA,Cerro Gordo,113,6,130,111
IA,Cherokee,28,2,22,22
IA,Chickasaw,40,4,19,41
IA,Clarke,1,1,1,1
IA,Clay,49,1,50,7
IA,Clayton,52,3,57,14
IA,Clinton,48,1,64,1
IA,Crawford,40,4,44,39
IA,Dallas,48,7,32,29
IA,Davis,2,2,1,2
IA,Decatur,2,1,2,1
IA,Delaware,21,3,20,16
IA,Des Moines,89,2,68,71
IA,Dickinson,34,1,27,7
IA,Dubuque,224,7,166,46
IA,Emmet,23,3,14,3
IA,Fayette,80,7,72,24
IA,Floyd,73,1,69,62
IA,Franklin,4,NA,2,NA
IA,Fremont,8,3,2,6
IA,Greene,14,NA,20,NA
IA,Grundy,1,1,1,1
IA,Guthrie,44,NA,NA,NA
IA,Hamilton,47,30,43,35
IA,Hancock,36,2,43,39
IA,Hardin,104,1,105,34
IA,Harrison,38,2,38,47
IA,Henry,72,6,56,39
IA,Howard,59,NA,31,54
IA,Humboldt,9,2,8,3
IA,Ida,29,2,25,3
IA,Iowa,60,3,56,6
IA,Jackson,104,NA,95,26
IA,Jasper,97,4,99,74
IA,Jefferson,8,2,2,1
IA,Johnson,63,5,51,7
IA,Jones,17,1,13,1
IA,Keokuk,41,2,38,36
IA,Kossuth,100,4,110,74
IA,Lee,76,6,61,11
IA,Linn,255,10,201,173
IA,Louisa,39,16,36,30
IA,Lucas,27,2,27,30
IA,Lyon,22,4,17,12
IA,Madison,43,22,43,38
IA,Mahaska,86,NA,78,44
IA,Marion,50,1,44,45
IA,Marshall,11,7,12,6
IA,Mills,35,NA,39,21
IA,Mitchell,71,1,50,23
IA,Monona,7,1,4,2
IA,Monroe,13,1,13,13
IA,Montgomery,11,3,16,3
IA,Muscatine,48,2,39,18
IA,O'Brien,37,16,49,40
IA,Osceola,38,2,23,2
IA,Page,22,NA,40,7
IA,Palo Alto,31,4,36,37
IA,Plymouth,29,2,30,10
IA,Pocahontas,40,3,6,5
IA,Polk,347,40,374,193
IA,Pottawattamie,114,5,121,50
IA,Poweshiek,32,2,24,25
IA,Ringgold,69,1,63,22
IA,Sac,29,1,38,58
IA,Scott,24,11,27,20
IA,Shelby,26,1,24,28
IA,Sioux,43,2,25,5
IA,Story,16,4,20,2
IA,Tama,49,5,46,35
IA,Union,22,NA,14,NA
IA,Van Buren,3,NA,NA,NA
IA,Wapello,4,2,14,5
IA,Warren,66,3,75,28
IA,Washington,38,NA,53,5
IA,Wayne,16,NA,15,NA
IA,Webster,50,NA,44,36
IA,Winnebago,31,9,27,7
IA,Winneshiek,120,1,117,66
IA,Woodbury,127,5,126,36
IA,Worth,48,NA,4,43
IA,Wright,39,NA,49,26
ID,Ada,168,15,147,51
ID,Bannock,4,3,4,3
ID,Benewah,31,NA,35,10
ID,Blaine,15,4,12,24
ID,Bonner,44,1,42,40
ID,Bonneville,13,3,8,6
ID,Boundary,1,1,1,4
ID,Canyon,35,NA,35,3
ID,Cassia,4,NA,12,3
ID,Elmore,10,NA,10,1
ID,Franklin,15,NA,12,14
ID,Fremont,42,1,2,1
ID,Gem,4,NA,1,1
ID,Idaho,4,4,4,4
ID,Kootenai,80,30,91,39
ID,Latah,10,4,4,4
ID,Lemhi,30,NA,25,30
ID,Lincoln,36,NA,16,5
ID,Madison,9,1,21,1
ID,Minidoka,13,NA,5,NA
ID,Nez Perce,35,1,14,2
ID,Owyhee,6,NA,8,NA
ID,Payette,1,1,1,1
ID,Power,5,NA,9,2
ID,Shoshone,15,NA,30,15
ID,Twin Falls,106,9,95,81
ID,Washington,10,9,10,7
IL,Adams,167,28,161,62
IL,Alexander,2,2,16,2
IL,Bond,4,NA,2,NA
IL,Boone,2,1,1,2
IL,Brown,42,NA,42,24
IL,Bureau,38,5,21,29
IL,Carroll,32,NA,35,1
IL,Cass,7,5,7,2
IL,Champaign,33,4,49,29
IL,Christian,30,10,28,23
IL,Clark,40,1,40,31
IL,Clay,64,2,42,40
IL,Clinton,15,1,1,1
IL,Coles,129,15,123,101
IL,Cook,1164,170,1002,462
IL,Crawford,33,3,6,30
IL,Cumberland,37,1,35,36
IL,De Witt,37,NA,38,NA
IL,DeKalb,21,4,33,19
IL,Douglas,98,18,69,65
IL,DuPage,218,30,132,92
IL,Edgar,41,6,35,24
IL,Edwards,5,2,6,6
IL,Effingham,59,7,58,43
IL,Fayette,35,6,44,11
IL,Ford,41,3,50,37
IL,Franklin,94,1,81,30
IL,Fulton,49,11,26,11
IL,Gallatin,4,4,4,4
IL,Grundy,5,NA,3,11
IL,Hamilton,35,3,23,6
IL,Hancock,28,3,30,4
IL,Hardin,8,NA,36,1
IL,Henderson,1,NA,1,NA
IL,Henry,44,NA,22,9
IL,Iroquois,104,2,106,18
IL,Jasper,35,1,21,3
IL,Jefferson,75,3,51,38
IL,Jersey,95,6,77,32
IL,Kane,191,15,150,108
IL,Kankakee,117,25,92,41
IL,Kendall,5,NA,2,1
IL,Knox,74,7,64,26
IL,Lake,195,60,123,91
IL,LaSalle,85,3,68,39
IL,Lawrence,12,2,3,1
IL,Livingston,43,3,48,33
IL,Logan,59,4,58,43
IL,Macon,107,13,103,71
IL,Macoupin,10,4,11,7
IL,Madison,197,58,205,101
IL,Marion,78,5,64,6
IL,Marshall,1,1,2,1
IL,Mason,41,31,38,38
IL,Massac,1,NA,1,NA
IL,McDonough,20,7,30,11
IL,McHenry,10,4,2,6
IL,McLean,92,31,83,46
IL,Mercer,33,5,30,10
IL,Monroe,35,4,31,16
IL,Montgomery,95,21,74,60
IL,Morgan,16,5,14,5
IL,Moultrie,85,23,85,78
IL,Ogle,96,6,98,34
IL,Peoria,27,6,33,22
IL,Perry,10,1,10,7
IL,Piatt,39,2,26,17
IL,Pike,36,3,32,13
IL,Randolph,84,1,55,37
IL,Richland,26,1,6,5
IL,Rock Island,80,9,78,24
IL,Saline,52,NA,43,15
IL,Sangamon,93,13,84,44
IL,Schuyler,2,2,2,2
IL,Scott,43,NA,43,NA
IL,Shelby,67,4,64,40
IL,St. Clair,193,27,232,111
IL,Stark,6,NA,6,5
IL,Stephenson,81,43,84,42
IL,Tazewell,144,4,128,32
IL,Union,49,2,26,10
IL,Vermilion,38,3,68,17
IL,Wabash,7,NA,4,4
IL,Warren,52,NA,46,10
IL,Washington,4,NA,5,4
IL,Wayne,40,1,15,15
IL,White,58,9,78,32
IL,Whiteside,210,4,159,135
IL,Will,155,18,98,122
IL,Williamson,26,2,26,6
IL,Winnebago,40,21,38,27
IL,Woodford,61,38,55,42
IN,Adams,10,1,10,7
IN,Allen,207,10,239,79
IN,Bartholomew,17,1,24,23
IN,Benton,11,NA,17,2
IN,Boone,70,7,69,12
IN,Brown,14,NA,14,11
IN,Cass,7,2,7,17
IN,Clark,100,16,67,76
IN,Clay,17,9,12,9
IN,Clinton,44,NA,39,7
IN,Daviess,46,7,43,46
IN,Dearborn,2,3,5,5
IN,Decatur,8,2,7,2
IN,DeKalb,82,NA,45,24
IN,Delaware,87,4,83,61
IN,Dubois,120,1,141,91
IN,Elkhart,174,28,185,130
IN,Fayette,2,1,2,NA
IN,Floyd,51,9,51,41
IN,Franklin,1,NA,NA,6
IN,Fulton,7,3,12,14
IN,Grant,18,1,18,3
IN,Greene,14,NA,15,NA
IN,Hamilton,82,2,87,45
IN,Hancock,61,9,36,8
IN,Harrison,81,10,65,39
IN,Hendricks,139,10,128,60
IN,Henry,5,5,7,5
IN,Howard,65,44,70,41
IN,Huntington,44,1,46,47
IN,Jackson,66,NA,63,64
IN,Jasper,48,NA,43,6
IN,Jay,4,2,3,3
IN,Jefferson,64,13,84,39
IN,Jennings,1,NA,14,1
IN,Johnson,40,4,38,30
IN,Knox,37,3,36,5
IN,Kosciusko,19,6,23,14
IN,LaGrange,1,NA,1,NA
IN,Lake,250,56,224,105
IN,LaPorte,28,NA,39,1
IN,Lawrence,3,1,18,1
IN,Madison,114,5,94,48
IN,Marion,340,24,335,163
IN,Marshall,8,2,3,1
IN,Martin,6,2,10,14
IN,Miami,42,1,44,44
IN,Monroe,14,NA,14,12
IN,Montgomery,15,1,16,3
IN,Morgan,4,1,NA,1
IN,Newton,3,NA,1,2
IN,Noble,28,4,15,5
IN,Orange,14,NA,14,11
IN,Owen,34,4,29,25
IN,Perry,1,1,1,1
IN,Porter,47,5,36,13
IN,Pulaski,39,4,46,12
IN,Putnam,6,4,4,6
IN,Randolph,5,2,2,6
IN,Ripley,43,2,44,15
IN,Shelby,22,5,24,16
IN,Spencer,40,NA,38,17
IN,St. Joseph,205,16,190,101
IN,Starke,8,2,11,2
IN,Steuben,40,4,41,40
IN,Sullivan,14,NA,17,8
IN,Tippecanoe,61,10,47,20
IN,Union,6,NA,5,13
IN,Vanderburgh,116,10,111,70
IN,Vigo,43,9,48,14
IN,Wabash,58,2,72,15
IN,Warrick,21,5,19,24
IN,Wayne,33,NA,23,13
IN,Wells,45,1,35,10
IN,Whitley,10,NA,10,NA
KS,Allen,5,1,8,1
KS,Anderson,10,1,4,11
KS,Atchison,41,2,45,8
KS,Barber,41,2,38,5
KS,Barton,31,3,20,9
KS,Bourbon,4,1,8,1
KS,Brown,30,16,40,19
KS,Butler,93,7,62,53
KS,Chase,25,NA,25,NA
KS,Chautauqua,28,4,6,4
KS,Cherokee,40,4,47,37
KS,Cheyenne,33,5,27,18
KS,Clark,7,NA,1,3
KS,Clay,11,4,9,8
KS,Cloud,18,2,37,6
KS,Coffey,71,11,51,46
KS,Comanche,50,3,38,26
KS,Cowley,34,6,56,24
KS,Crawford,94,2,69,24
KS,Decatur,29,1,5,2
KS,Dickinson,65,3,66,39
KS,Doniphan,9,7,9,7
KS,Douglas,69,8,57,53
KS,Edwards,26,2,27,16
KS,Ellis,37,19,34,24
KS,Ellsworth,17,1,5,2
KS,Finney,4,NA,1,NA
KS,Ford,135,7,137,105
KS,Franklin,1,1,1,NA
KS,Geary,1,1,1,2
KS,Graham,28,12,13,12
KS,Grant,19,5,29,4
KS,Gray,13,NA,4,4
KS,Greenwood,41,NA,35,2
KS,Harvey,67,8,63,46
KS,Jackson,10,1,10,3
KS,Jefferson,89,2,80,53
KS,Johnson,375,101,319,265
KS,Kearny,3,NA,3,2
KS,Kingman,2,2,2,12
KS,Kiowa,17,NA,40,5
KS,Labette,70,17,74,34
KS,Leavenworth,106,8,110,17
KS,Lincoln,7,NA,7,2
KS,Lyon,19,2,22,19
KS,Marion,191,2,185,130
KS,Marshall,18,1,2,20
KS,McPherson,70,11,43,18
KS,Meade,39,2,28,34
KS,Miami,100,3,99,71
KS,Montgomery,81,41,75,35
KS,Morris,24,5,27,21
KS,Morton,29,3,39,6
KS,Nemaha,51,NA,35,24
KS,Neosho,44,3,19,37
KS,Ness,3,1,3,3
KS,Norton,14,NA,1,2
KS,Osage,19,1,33,16
KS,Osborne,9,NA,8,5
KS,Ottawa,1,1,4,14
KS,Pawnee,33,4,25,4
KS,Phillips,46,1,17,28
KS,Pottawatomie,54,1,33,28
KS,Pratt,32,NA,46,30
KS,Rawlins,26,1,3,3
KS,Reno,34,12,36,25
KS,Rice,81,1,80,17
KS,Riley,47,8,80,9
KS,Rooks,19,4,16,39
KS,Rush,29,1,11,13
KS,Russell,26,1,20,6
KS,Saline,4,NA,3,3
KS,Scott,3,2,4,2
KS,Sedgwick,437,40,462,247
KS,Seward,46,6,64,59
KS,Shawnee,270,25,201,124
KS,Sheridan,1,NA,1,NA
KS,Sherman,3,NA,3,2
KS,Smith,43,NA,NA,42
KS,Stanton,3,NA,2,NA
KS,Sumner,74,3,81,59
KS,Thomas,36,30,33,19
KS,Trego,2,NA,3,2
KS,Wabaunsee,58,3,59,54
KS,Wallace,1,1,1,2
KS,Washington,29,7,34,8
KS,Wichita,14,1,14,5
KS,Wilson,31,NA,34,33
KS,Woodson,4,NA,4,NA
KS,Wyandotte,129,7,118,50
KY,Barren,40,8,21,21
KY,Bath,6,2,16,2
KY,Bell,6,NA,4,6
KY,Bourbon,36,21,36,32
KY,Boyd,33,7,16,6
KY,Boyle,60,2,43,4
KY,Bracken,5,4,4,4
KY,Breathitt,41,2,41,2
KY,Breckinridge,48,NA,22,15
KY,Bullitt,2,NA,2,2
KY,Butler,12,1,11,8
KY,Caldwell,9,4,7,4
KY,Calloway,37,1,38,33
KY,Campbell,19,5,13,11
KY,Carlisle,6,NA,2,1
KY,Carroll,1,1,1,1
KY,Carter,28,NA,28,3
KY,Casey,2,1,1,1
KY,Christian,44,3,45,6
KY,Clark,2,2,3,2
KY,Clay,5,5,6,5
KY,Clinton,1,NA,1,NA
KY,Crittenden,16,NA,16,2
KY,Cumberland,11,3,8,4
KY,Daviess,5,4,4,7
KY,Fayette,65,6,63,49
KY,Fleming,6,NA,7,1
KY,Floyd,5,2,5,2
KY,Fulton,1,NA,NA,NA
KY,Gallatin,4,1,4,1
KY,Graves,42,2,41,48
KY,Grayson,27,1,11,17
KY,Green,1,NA,NA,NA
KY,Greenup,91,3,47,24
KY,Hardin,45,16,46,49
KY,Harlan,43,NA,39,2
KY,Harrison,1,1,1,1
KY,Hart,4,4,5,4
KY,Henderson,3,NA,3,1
KY,Henry,5,1,5,2
KY,Hickman,12,1,6,4
KY,Hopkins,97,3,82,65
KY,Jackson,4,1,6,1
KY,Jefferson,226,41,207,129
KY,Jessamine,19,3,8,35
KY,Johnson,4,3,40,4
KY,Kenton,26,2,20,6
KY,Knott,6,4,4,4
KY,Knox,2,2,2,2
KY,Larue,34,2,34,33
KY,Laurel,11,NA,8,NA
KY,Leslie,12,NA,14,NA
KY,Lewis,4,1,4,5
KY,Lincoln,1,NA,1,NA
KY,Livingston,9,2,6,4
KY,Logan,5,5,5,5
KY,Lyon,17,NA,6,1
KY,Madison,52,2,52,3
KY,Magoffin,4,4,4,4
KY,Marion,2,NA,NA,NA
KY,Marshall,56,3,49,22
KY,Martin,31,NA,39,8
KY,Mason,7,1,7,2
KY,McCracken,2,2,2,2
KY,McCreary,1,1,1,1
KY,McLean,1,1,3,3
KY,Meade,2,2,2,2
KY,Menifee,14,NA,14,3
KY,Metcalfe,32,1,26,20
KY,Monroe,3,3,3,3
KY,Montgomery,3,2,3,2
KY,Nelson,3,2,3,3
KY,Ohio,17,NA,8,3
KY,Oldham,49,2,40,4
KY,Owsley,2,1,2,1
KY,Perry,4,4,4,4
KY,Pike,25,7,10,8
KY,Pulaski,39,2,33,29
KY,Robertson,9,NA,13,5
KY,Rowan,1,NA,8,1
KY,Russell,3,1,9,1
KY,Scott,4,1,1,1
KY,Simpson,3,NA,NA,NA
KY,Todd,10,NA,17,NA
KY,Union,43,1,42,15
KY,Warren,2,NA,3,30
KY,Washington,1,NA,1,1
KY,Wayne,4,1,2,8
KY,Whitley,48,6,49,28
KY,Woodford,4,4,4,4
LA,Acadia,19,NA,19,1
LA,Allen,121,NA,28,36
LA,Ascension,43,NA,43,34
LA,Avoyelles,40,3,31,8
LA,Beauregard,52,2,4,22
LA,Bienville,8,7,8,7
LA,Bossier,90,8,84,22
LA,Caddo,322,32,233,88
LA,Calcasieu,147,28,106,66
LA,Catahoula,15,2,14,14
LA,Concordia,23,4,28,5
LA,De Soto,18,1,8,3
LA,East Baton Rouge,217,21,223,73
LA,East Carroll,9,2,16,2
LA,East Feliciana,27,3,29,7
LA,Evangeline,2,2,2,2
LA,Franklin,43,2,81,36
LA,Grant,35,6,8,25
LA,Iberia,38,NA,36,29
LA,Iberville,42,4,24,26
LA,Jackson,24,3,13,12
LA,Jefferson,213,17,198,136
LA,Jefferson Davis,62,4,52,21
LA,Lafayette,92,9,77,72
LA,Lafourche,21,1,5,1
LA,LaSalle,1,1,1,1
LA,Lincoln,32,NA,38,3
LA,Livingston,19,2,7,2
LA,Madison,43,NA,43,NA
LA,Morehouse,14,1,20,1
LA,Natchitoches,43,1,43,2
LA,Orleans,260,21,216,96
LA,Ouachita,137,11,169,37
LA,Plaquemines,41,2,41,34
LA,Pointe Coupee,82,2,84,83
LA,Rapides,119,24,93,49
LA,Red River,2,2,2,4
LA,Richland,6,1,26,4
LA,Sabine,33,3,21,2
LA,St. Charles,42,1,36,NA
LA,St. Helena,34,2,33,1
LA,St. James,32,NA,32,NA
LA,St. John the Baptist,1,NA,NA,1
LA,St. Landry,44,2,42,4
LA,St. Mary,59,4,60,4
LA,St. Tammany,56,10,51,46
LA,Tangipahoa,159,7,163,79
LA,Terrebonne,74,46,73,49
LA,Union,3,1,2,1
LA,Vermilion,46,5,27,34
LA,Vernon,33,4,10,8
LA,Washington,46,26,43,24
LA,Webster,49,3,30,8
LA,West Baton Rouge,7,NA,10,2
LA,West Carroll,6,6,6,6
LA,West Feliciana,17,2,38,3
LA,Winn,1,1,1,1
MA,Barnstable,50,6,42,11
MA,Berkshire,54,8,34,8
MA,Bristol,146,13,102,43
MA,Essex,96,12,92,63
MA,Franklin,7,1,8,1
MA,Hampden,95,5,79,23
MA,Hampshire,14,NA,10,8
MA,Middlesex,149,24,104,61
MA,Norfolk,28,26,29,33
MA,Plymouth,131,18,89,83
MA,Suffolk,52,13,52,31
MA,Worcester,264,43,202,147
MD,Allegany,3,1,3,12
MD,Anne Arundel,44,4,23,24
MD,Baltimore,196,26,154,91
MD,Baltimore City,129,11,132,38
MD,Calvert,26,1,36,2
MD,Caroline,15,NA,3,NA
MD,Carroll,57,5,68,48
MD,Cecil,31,NA,31,7
MD,Charles,1,NA,1,1
MD,Dorchester,3,1,1,1
MD,Frederick,16,1,10,5
MD,Garrett,26,1,7,1
MD,Harford,52,2,2,2
MD,Howard,19,4,19,18
MD,Kent,12,6,12,12
MD,Montgomery,91,15,73,23
MD,Prince George's,122,23,180,49
MD,Somerset,4,2,4,6
MD,St. Mary's,8,3,8,8
MD,Talbot,1,NA,4,NA
MD,Washington,96,32,85,35
MD,Wicomico,45,NA,64,6
MD,Worcester,11,NA,9,9
ME,Androscoggin,66,14,66,31
ME,Aroostook,205,50,143,55
ME,Cumberland,122,41,84,172
ME,Franklin,65,8,55,80
ME,Hancock,86,NA,80,78
ME,Kennebec,139,12,107,37
ME,Knox,44,2,3,39
ME,Lincoln,116,6,85,81
ME,Oxford,47,7,44,40
ME,Penobscot,88,19,105,32
ME,Somerset,74,24,69,4
ME,Waldo,36,2,36,47
ME,Washington,27,2,21,6
ME,York,149,7,111,118
MI,Alcona,44,1,46,24
MI,Alger,34,2,34,22
MI,Allegan,123,26,123,62
MI,Antrim,43,NA,26,NA
MI,Arenac,41,2,2,2
MI,Baraga,33,NA,33,29
MI,Barry,69,NA,41,1
MI,Bay,23,4,15,9
MI,Benzie,25,NA,2,NA
MI,Berrien,158,44,200,93
MI,Branch,10,NA,5,NA
MI,Calhoun,33,7,41,55
MI,Cass,1,3,3,3
MI,Charlevoix,30,2,29,NA
MI,Cheboygan,1,1,1,1
MI,Chippewa,26,NA,NA,12
MI,Clinton,2,2,41,4
MI,Crawford,5,NA,NA,NA
MI,Delta,35,1,59,17
MI,Dickinson,24,1,16,13
MI,Eaton,59,1,80,7
MI,Emmet,50,NA,48,NA
MI,Genesee,157,NA,163,78
MI,Gladwin,3,1,2,1
MI,Gogebic,1,1,1,1
MI,Grand Traverse,55,2,25,20
MI,Gratiot,18,NA,12,8
MI,Hillsdale,17,NA,19,2
MI,Houghton,73,11,54,56
MI,Huron,35,2,9,NA
MI,Ingham,73,4,25,4
MI,Ionia,7,1,30,4
MI,Iosco,2,1,4,7
MI,Iron,66,NA,66,40
MI,Isabella,75,4,54,9
MI,Jackson,20,1,10,3
MI,Kalamazoo,152,5,174,90
MI,Kalkaska,34,NA,20,16
MI,Kent,134,24,109,26
MI,Lake,1,1,1,1
MI,Lapeer,12,NA,5,NA
MI,Leelanau,3,1,15,NA
MI,Lenawee,34,2,47,33
MI,Livingston,64,11,44,45
MI,Macomb,509,28,444,282
MI,Marquette,56,3,48,6
MI,Mason,2,NA,2,NA
MI,Midland,4,NA,NA,2
MI,Missaukee,3,2,3,3
MI,Monroe,102,NA,89,69
MI,Montcalm,17,1,14,12
MI,Montmorency,11,NA,NA,NA
MI,Muskegon,15,3,25,5
MI,Newaygo,15,NA,23,NA
MI,Oakland,683,109,559,384
MI,Ogemaw,36,NA,38,7
MI,Ontonagon,19,NA,19,NA
MI,Otsego,16,NA,3,NA
MI,Ottawa,73,1,47,16
MI,Presque Isle,2,2,2,2
MI,Saginaw,55,23,33,23
MI,Sanilac,40,NA,40,1
MI,Schoolcraft,20,NA,19,17
MI,Shiawassee,3,NA,NA,NA
MI,St. Clair,87,6,67,78
MI,St. Joseph,44,1,44,34
MI,Tuscola,1,NA,1,NA
MI,Van Buren,2,1,1,1
MI,Washtenaw,83,27,101,87
MI,Wayne,1184,102,906,756
MI,Wexford,43,NA,43,NA
MN,Aitkin,23,1,27,37
MN,Anoka,55,4,54,57
MN,Becker,44,1,58,3
MN,Beltrami,45,3,40,17
MN,Benton,2,2,2,2
MN,Big Stone,59,5,40,23
MN,Blue Earth,118,8,111,99
MN,Brown,77,2,30,44
MN,Carlton,47,2,22,11
MN,Carver,66,NA,66,29
MN,Chippewa,7,1,9,6
MN,Chisago,148,2,123,65
MN,Clay,36,2,36,37
MN,Clearwater,35,NA,35,19
MN,Cook,1,NA,NA,NA
MN,Cottonwood,60,3,4,57
MN,Crow Wing,9,3,8,4
MN,Dakota,122,12,116,84
MN,Dodge,18,1,23,5
MN,Douglas,54,3,49,35
MN,Faribault,15,NA,9,4
MN,Fillmore,40,3,50,6
MN,Freeborn,72,1,62,106
MN,Goodhue,99,24,73,29
MN,Grant,1,1,1,1
MN,Hennepin,542,35,426,357
MN,Houston,16,19,23,11
MN,Hubbard,5,NA,6,4
MN,Isanti,28,NA,17,3
MN,Itasca,109,3,96,83
MN,Jackson,75,1,59,64
MN,Kanabec,36,NA,35,1
MN,Kandiyohi,2,2,2,2
MN,Kittson,15,5,30,9
MN,Koochiching,51,NA,59,26
MN,Lac qui Parle,45,NA,48,70
MN,Lake,52,NA,23,32
MN,Lake of the Woods,15,3,14,7
MN,Le Sueur,1,NA,2,NA
MN,Lincoln,44,NA,47,44
MN,Lyon,5,1,6,1
MN,Mahnomen,43,1,43,43
MN,Marshall,27,NA,32,26
MN,Martin,46,5,53,41
MN,McLeod,50,NA,48,9
MN,Meeker,49,2,42,33
MN,Mille Lacs,127,16,84,66
MN,Morrison,71,5,71,51
MN,Mower,76,6,53,11
MN,Murray,42,42,42,42
MN,Nicollet,17,1,13,8
MN,Nobles,122,4,105,93
MN,Norman,35,1,43,43
MN,Olmsted,87,3,95,7
MN,Otter Tail,168,5,166,82
MN,Pennington,37,2,36,18
MN,Pine,9,NA,9,1
MN,Pipestone,65,NA,66,42
MN,Polk,52,NA,46,37
MN,Pope,2,1,2,2
MN,Ramsey,401,80,340,207
MN,Redwood,131,2,158,24
MN,Renville,77,NA,65,34
MN,Rice,75,12,39,38
MN,Rock,72,2,62,29
MN,Roseau,16,14,16,15
MN,Scott,101,9,95,27
MN,Sherburne,49,1,49,52
MN,Sibley,77,NA,74,1
MN,St. Louis,323,10,270,164
MN,Stearns,50,8,38,17
MN,Steele,27,2,15,4
MN,Stevens,42,1,42,42
MN,Swift,32,8,24,21
MN,Todd,53,19,37,45
MN,Traverse,55,1,51,20
MN,Wabasha,43,43,43,44
MN,Wadena,27,1,25,6
MN,Waseca,27,1,2,1
MN,Washington,180,7,111,76
MN,Watonwan,75,NA,58,23
MN,Wilkin,14,NA,14,NA
MN,Winona,21,8,27,9
MN,Wright,173,10,146,74
MN,Yellow Medicine,67,1,78,52
MO,Adair,13,NA,18,6
MO,Andrew,29,2,11,3
MO,Atchison,12,7,10,6
MO,Audrain,76,6,69,65
MO,Barry,33,3,14,3
MO,Bates,41,2,43,NA
MO,Benton,2,NA,1,NA
MO,Bollinger,4,4,4,4
MO,Boone,135,21,158,83
MO,Buchanan,99,7,67,17
MO,Butler,53,4,37,10
MO,Caldwell,40,1,NA,38
MO,Callaway,87,3,74,15
MO,Camden,58,4,68,15
MO,Cape Girardeau,83,2,70,50
MO,Carroll,7,NA,11,NA
MO,Cass,44,2,36,19
MO,Chariton,37,6,54,6
MO,Christian,48,NA,40,27
MO,Clark,1,1,1,1
MO,Clay,132,30,126,35
MO,Clinton,50,10,20,42
MO,Cole,42,12,30,18
MO,Cooper,11,1,16,15
MO,Crawford,84,27,73,66
MO,Dade,35,NA,33,7
MO,Daviess,33,NA,24,34
MO,DeKalb,43,4,43,32
MO,Dent,45,18,44,21
MO,Dunklin,36,2,51,4
MO,Franklin,84,4,78,53
MO,Gasconade,8,8,8,8
MO,Greene,115,16,110,48
MO,Grundy,21,12,19,14
MO,Henry,39,1,51,1
MO,Hickory,3,3,4,3
MO,Holt,1,1,5,2
MO,Howard,24,24,24,24
MO,Howell,85,3,69,69
MO,Iron,46,3,49,9
MO,Jackson,414,120,413,232
MO,Jasper,16,1,16,10
MO,Jefferson,65,20,60,39
MO,Johnson,31,26,39,31
MO,Knox,30,1,30,29
MO,Laclede,2,NA,1,NA
MO,Lafayette,25,3,16,20
MO,Lawrence,36,1,30,21
MO,Lewis,26,2,23,3
MO,Lincoln,127,4,135,75
MO,Linn,26,NA,28,1
MO,Livingston,61,6,37,25
MO,Macon,45,1,40,4
MO,Madison,1,1,1,1
MO,Maries,43,1,42,43
MO,Marion,91,6,93,16
MO,Mercer,10,1,10,5
MO,Miller,30,6,8,7
MO,Mississippi,27,4,14,13
MO,Moniteau,39,10,40,17
MO,Monroe,4,NA,4,NA
MO,Montgomery,120,42,101,58
MO,Morgan,43,2,34,7
MO,New Madrid,47,7,39,4
MO,Newton,37,16,38,13
MO,Nodaway,1,1,3,1
MO,Osage,12,6,13,5
MO,Ozark,34,NA,13,10
MO,Pemiscot,12,NA,11,2
MO,Perry,42,7,42,39
MO,Pettis,87,19,84,24
MO,Phelps,51,4,55,27
MO,Pike,41,4,42,28
MO,Platte,47,6,50,41
MO,Polk,40,2,41,18
MO,Pulaski,3,3,11,4
MO,Putnam,28,1,28,8
MO,Ralls,2,2,2,2
MO,Randolph,57,4,49,28
MO,Ray,39,18,27,5
MO,Ripley,1,1,13,3
MO,Saline,41,NA,41,13
MO,Scotland,42,NA,42,22
MO,Scott,55,21,40,23
MO,Shelby,8,NA,3,NA
MO,St. Charles,118,21,101,59
MO,St. Clair,1,1,15,1
MO,St. Francois,21,1,32,1
MO,St. Louis,714,97,711,386
MO,St. Louis City,230,58,262,135
MO,Ste. Genevieve,43,5,38,34
MO,Stoddard,30,3,30,21
MO,Stone,2,2,2,2
MO,Taney,74,5,72,20
MO,Texas,22,1,36,2
MO,Vernon,68,4,84,22
MO,Warren,42,22,43,41
MO,Washington,2,1,3,1
MO,Wayne,47,NA,37,42
MO,Webster,2,1,3,1
MO,Worth,1,1,NA,NA
MO,Wright,41,NA,23,40
MS,Adams,79,15,44,42
MS,Alcorn,76,2,6,47
MS,Amite,2,NA,6,6
MS,Attala,38,NA,29,36
MS,Bolivar,72,3,60,43
MS,Calhoun,2,2,2,2
MS,Carroll,2,1,1,3
MS,Chickasaw,19,5,4,5
MS,Choctaw,7,NA,NA,26
MS,Claiborne,3,2,2,2
MS,Clarke,4,4,4,4
MS,Clay,22,NA,5,NA
MS,Coahoma,1,NA,1,1
MS,Copiah,3,NA,NA,4
MS,Covington,15,1,13,3
MS,DeSoto,43,10,39,9
MS,Forrest,98,13,115,67
MS,Franklin,1,1,1,1
MS,George,84,2,30,9
MS,Greene,2,2,1,1
MS,Grenada,3,1,1,2
MS,Hancock,2,2,2,2
MS,Harrison,103,19,122,41
MS,Hinds,60,1,63,25
MS,Holmes,22,2,15,3
MS,Humphreys,41,1,43,1
MS,Itawamba,2,NA,NA,NA
MS,Jackson,16,2,23,7
MS,Jefferson,1,1,9,NA
MS,Jones,27,25,27,26
MS,Lafayette,1,NA,1,NA
MS,Lamar,18,7,12,18
MS,Lauderdale,96,24,77,40
MS,Lawrence,37,NA,43,1
MS,Leake,2,2,8,2
MS,Lee,50,7,46,8
MS,Leflore,3,2,5,3
MS,Lincoln,19,1,15,1
MS,Lowndes,47,2,12,3
MS,Madison,55,5,43,17
MS,Marion,42,2,41,2
MS,Monroe,47,20,46,33
MS,Montgomery,5,2,6,2
MS,Neshoba,2,NA,NA,NA
MS,Newton,18,3,15,3
MS,Oktibbeha,1,2,1,2
MS,Panola,71,3,68,27
MS,Pearl River,25,1,18,1
MS,Perry,42,5,39,6
MS,Pike,3,2,2,2
MS,Pontotoc,1,1,1,2
MS,Prentiss,10,2,6,2
MS,Quitman,29,2,29,3
MS,Rankin,208,6,192,9
MS,Scott,26,NA,20,21
MS,Sharkey,27,NA,6,1
MS,Simpson,8,1,9,2
MS,Smith,2,2,2,2
MS,Stone,1,NA,3,NA
MS,Sunflower,1,1,2,1
MS,Tallahatchie,32,1,28,18
MS,Tippah,28,3,29,24
MS,Tishomingo,6,1,5,4
MS,Union,8,1,8,2
MS,Walthall,43,4,39,7
MS,Washington,89,7,52,20
MS,Wayne,1,NA,NA,1
MS,Webster,39,1,40,3
MS,Winston,29,NA,27,NA
MS,Yalobusha,3,3,3,3
MS,Yazoo,38,NA,21,NA
MT,Beaverhead,18,1,14,2
MT,Big Horn,6,4,31,7
MT,Blaine,27,4,26,17
MT,Carbon,26,2,28,8
MT,Cascade,46,1,50,2
MT,Custer,18,NA,21,1
MT,Dawson,22,NA,10,8
MT,Fergus,22,6,9,6
MT,Flathead,9,2,12,9
MT,Gallatin,7,2,12,2
MT,Glacier,58,2,40,50
MT,Lake,27,3,29,27
MT,Lewis and Clark,38,3,33,18
MT,Lincoln,43,12,43,25
MT,Madison,5,1,4,1
MT,Missoula,4,2,23,2
MT,Phillips,1,2,1,4
MT,Pondera,8,6,14,6
MT,Powder River,9,5,6,6
MT,Powell,31,2,31,30
MT,Ravalli,56,1,54,46
MT,Richland,1,NA,NA,NA
MT,Roosevelt,14,NA,9,11
MT,Sanders,4,5,8,14
MT,Sheridan,5,2,4,5
MT,Silver Bow,17,2,13,5
MT,Toole,2,1,1,1
MT,Valley,10,2,3,9
MT,Wibaux,3,3,3,3
MT,Yellowstone,104,7,93,33
NC,Alamance,53,7,72,11
NC,Alexander,31,16,31,15
NC,Anson,1,1,1,3
NC,Ashe,2,NA,1,2
NC,Beaufort,1,1,1,1
NC,Bertie,58,1,51,37
NC,Bladen,43,2,43,40
NC,Brunswick,80,16,72,67
NC,Buncombe,244,13,247,86
NC,Burke,5,NA,NA,1
NC,Cabarrus,113,7,40,43
NC,Caldwell,41,NA,50,NA
NC,Carteret,7,2,7,1
NC,Caswell,43,NA,17,NA
NC,Catawba,90,4,99,70
NC,Chatham,14,3,25,30
NC,Cherokee,8,1,8,9
NC,Clay,43,1,NA,43
NC,Cleveland,37,NA,29,2
NC,Columbus,48,1,50,33
NC,Craven,5,5,5,5
NC,Cumberland,79,4,72,37
NC,Dare,3,2,4,3
NC,Davidson,123,13,81,86
NC,Davie,63,2,60,40
NC,Duplin,17,NA,16,1
NC,Durham,131,14,87,19
NC,Edgecombe,85,1,83,1
NC,Forsyth,203,12,182,131
NC,Franklin,43,NA,43,41
NC,Gaston,142,3,133,41
NC,Gates,32,1,31,15
NC,Granville,7,1,2,1
NC,Guilford,197,26,170,100
NC,Halifax,46,NA,46,46
NC,Harnett,70,2,46,3
NC,Haywood,26,NA,8,9
NC,Henderson,122,2,96,29
NC,Hertford,18,1,20,7
NC,Hyde,43,NA,39,30
NC,Iredell,35,5,26,8
NC,Jackson,61,8,49,33
NC,Johnston,68,NA,50,39
NC,Jones,1,1,1,1
NC,Lee,61,1,34,13
NC,Lenoir,9,NA,12,NA
NC,Lincoln,8,NA,9,NA
NC,Macon,7,NA,2,2
NC,Madison,13,NA,10,NA
NC,Martin,2,2,3,2
NC,McDowell,44,1,44,31
NC,Mecklenburg,158,33,190,94
NC,Mitchell,5,NA,8,NA
NC,Moore,132,6,134,107
NC,Nash,23,2,25,23
NC,New Hanover,122,7,110,84
NC,Northampton,3,NA,3,3
NC,Orange,3,3,3,3
NC,Pasquotank,46,4,50,25
NC,Pender,42,1,16,41
NC,Perquimans,13,NA,3,NA
NC,Person,42,NA,29,3
NC,Pitt,56,NA,18,1
NC,Polk,2,NA,2,2
NC,Randolph,49,1,47,22
NC,Richmond,1,1,1,1
NC,Robeson,10,4,4,14
NC,Rockingham,39,3,24,5
NC,Rowan,151,2,142,101
NC,Rutherford,36,3,38,15
NC,Sampson,75,4,71,60
NC,Scotland,8,8,8,8
NC,Stanly,43,1,43,45
NC,Stokes,55,11,41,11
NC,Surry,45,6,13,9
NC,Swain,43,1,15,20
NC,Transylvania,9,1,12,5
NC,Union,34,2,6,12
NC,Vance,43,2,42,5
NC,Wake,147,16,145,66
NC,Warren,9,NA,9,2
NC,Washington,23,NA,23,NA
NC,Watauga,20,NA,25,2
NC,Wayne,10,NA,3,1
NC,Wilkes,2,NA,4,2
NC,Wilson,60,NA,70,NA
NC,Yadkin,72,2,69,62
NC,Yancey,43,2,40,33
ND,Adams,4,NA,3,30
ND,Barnes,42,12,42,39
ND,Bottineau,3,NA,21,NA
ND,Burleigh,7,1,4,2
ND,Cass,29,6,15,10
ND,Cavalier,4,1,5,2
ND,Dickey,4,2,4,3
ND,Dunn,6,NA,NA,1
ND,Eddy,5,NA,5,1
ND,Emmons,41,NA,6,NA
ND,Foster,39,3,41,34
ND,Grand Forks,23,9,18,9
ND,Griggs,36,27,41,32
ND,Hettinger,28,19,31,9
ND,LaMoure,4,NA,6,1
ND,Logan,23,NA,1,NA
ND,McHenry,19,3,30,15
ND,McIntosh,42,3,43,44
ND,McKenzie,35,NA,36,1
ND,McLean,42,1,32,37
ND,Mercer,3,NA,10,3
ND,Morton,18,5,18,27
ND,Mountrail,43,3,43,41
ND,Nelson,43,25,25,36
ND,Pembina,5,1,1,3
ND,Pierce,30,1,43,29
ND,Ramsey,10,1,8,6
ND,Ransom,73,2,39,17
ND,Renville,1,1,1,1
ND,Richland,64,NA,61,33
ND,Rolette,11,NA,11,6
ND,Sargent,11,1,9,17
ND,Stark,54,3,40,26
ND,Stutsman,11,NA,28,7
ND,Towner,25,NA,41,4
ND,Traill,54,NA,25,40
ND,Walsh,5,2,18,4
ND,Ward,41,NA,43,NA
ND,Wells,20,1,19,2
ND,Williams,60,4,72,53
NE,Adams,4,3,4,3
NE,Boone,6,6,6,6
NE,Box Butte,39,1,39,27
NE,Boyd,42,2,32,18
NE,Buffalo,43,4,43,4
NE,Burt,3,2,3,5
NE,Butler,37,2,31,8
NE,Cass,46,3,44,20
NE,Cedar,58,8,58,57
NE,Chase,23,1,20,1
NE,Cherry,3,NA,3,NA
NE,Cheyenne,13,NA,NA,1
NE,Clay,24,NA,38,22
NE,Colfax,23,8,24,8
NE,Cuming,7,4,4,5
NE,Custer,10,NA,4,4
NE,Dakota,55,7,38,30
NE,Dawes,45,NA,35,6
NE,Dawson,41,2,32,5
NE,Dixon,50,NA,28,36
NE,Dodge,59,5,68,18
NE,Douglas,326,33,291,166
NE,Dundy,32,NA,41,12
NE,Fillmore,48,2,40,17
NE,Furnas,9,4,10,16
NE,Gage,8,3,4,3
NE,Greeley,4,NA,4,1
NE,Hall,16,4,38,6
NE,Hamilton,27,3,69,11
NE,Harlan,32,1,32,27
NE,Hitchcock,3,NA,3,4
NE,Holt,33,9,28,9
NE,Howard,21,3,25,20
NE,Jefferson,4,4,5,4
NE,Johnson,7,6,6,5
NE,Kearney,2,1,1,3
NE,Keith,5,1,1,1
NE,Kimball,12,9,8,14
NE,Knox,1,1,1,3
NE,Lancaster,128,21,123,73
NE,Lincoln,31,3,21,13
NE,Madison,31,1,41,9
NE,Merrick,3,NA,4,NA
NE,Morrill,26,1,28,34
NE,Nance,26,1,23,9
NE,Nemaha,1,NA,1,NA
NE,Nuckolls,41,1,23,41
NE,Otoe,39,6,34,18
NE,Pawnee,1,1,1,1
NE,Perkins,24,1,12,10
NE,Phelps,35,4,32,32
NE,Pierce,5,1,3,2
NE,Platte,5,2,4,4
NE,Polk,9,NA,23,NA
NE,Red Willow,13,2,2,5
NE,Richardson,49,2,36,35
NE,Rock,2,NA,2,NA
NE,Saline,25,1,1,10
NE,Sarpy,88,1,82,5
NE,Saunders,6,NA,5,NA
NE,Scotts Bluff,31,8,29,25
NE,Seward,51,2,41,23
NE,Sheridan,41,3,41,35
NE,Thayer,6,3,6,8
NE,Thurston,42,1,43,43
NE,Valley,39,NA,35,33
NE,Washington,23,2,23,39
NE,Wayne,5,2,5,3
NE,Webster,6,NA,5,NA
NE,York,7,NA,3,8
NH,Belknap,62,45,67,87
NH,Carroll,30,1,22,40
NH,Cheshire,4,NA,1,57
NH,Coos,145,1,157,76
NH,Grafton,60,4,59,67
NH,Hillsboro,208,17,169,241
NH,Merrimack,44,16,45,61
NH,Rockingham,222,6,176,117
NH,Strafford,36,4,28,31
NH,Sullivan,44,3,42,44
NJ,Atlantic,78,26,78,69
NJ,Bergen,23,22,20,25
NJ,Burlington,27,10,16,23
NJ,Camden,47,16,41,32
NJ,Cape May,40,2,33,23
NJ,Cumberland,7,5,7,6
NJ,Essex,80,23,46,78
NJ,Gloucester,21,3,17,5
NJ,Hudson,8,5,5,9
NJ,Hunterdon,48,2,40,6
NJ,Mercer,118,25,101,48
NJ,Middlesex,39,27,27,34
NJ,Monmouth,93,62,98,70
NJ,Morris,32,30,32,32
NJ,Ocean,145,44,127,89
NJ,Passaic,14,14,12,16
NJ,Salem,18,4,22,10
NJ,Somerset,28,6,26,16
NJ,Sussex,14,1,14,11
NJ,Union,36,13,35,50
NJ,Warren,12,2,5,6
NM,Bernalillo,164,14,184,141
NM,Chaves,43,1,43,4
NM,Cibola,28,17,29,27
NM,Colfax,6,1,3,4
NM,Curry,6,3,1,3
NM,Dona Ana,55,13,46,5
NM,Grant,10,2,43,43
NM,Lea,29,1,43,3
NM,Los Alamos,3,3,3,3
NM,Luna,5,2,8,6
NM,Otero,5,1,5,20
NM,Roosevelt,3,2,3,1
NM,San Juan,19,3,45,17
NM,San Miguel,65,NA,25,14
NM,Sandoval,48,3,52,17
NM,Santa Fe,4,3,10,3
NM,Sierra,41,40,41,77
NM,Socorro,1,1,1,1
NM,Taos,6,2,3,2
NV,Carson City,28,6,19,12
NV,Churchill,5,3,9,7
NV,Clark,200,31,171,109
NV,Douglas,15,NA,13,1
NV,Elko,27,NA,NA,NA
NV,Humboldt,30,5,21,26
NV,Lander,1,1,1,1
NV,Lincoln,1,NA,2,2
NV,Mineral,30,3,24,3
NV,Nye,4,NA,7,NA
NV,Pershing,42,5,42,8
NV,Washoe,136,8,132,26
NV,White Pine,18,3,12,4
NY,Albany,15,15,16,16
NY,Allegany,37,NA,38,1
NY,Bronx,183,63,211,77
NY,Broome,93,27,82,45
NY,Cattaraugus,22,1,18,18
NY,Cayuga,23,5,14,12
NY,Chautauqua,106,5,97,8
NY,Chemung,63,2,44,4
NY,Chenango,37,14,42,21
NY,Clinton,61,8,80,12
NY,Columbia,14,10,11,9
NY,Cortland,6,1,6,1
NY,Delaware,54,10,62,51
NY,Dutchess,67,27,67,46
NY,Erie,233,31,231,122
NY,Essex,43,13,40,17
NY,Franklin,19,2,19,6
NY,Fulton,56,12,54,53
NY,Genesee,5,5,7,6
NY,Greene,1,NA,NA,NA
NY,Herkimer,22,2,12,1
NY,Jefferson,16,2,30,2
NY,Kings,45,27,113,42
NY,Lewis,6,NA,6,NA
NY,Livingston,93,53,93,86
NY,Madison,1,1,1,1
NY,Monroe,502,19,484,418
NY,Montgomery,63,2,64,9
NY,Nassau,113,24,130,86
NY,New York,73,38,103,103
NY,Niagara,79,4,79,17
NY,Oneida,239,72,246,137
NY,Onondaga,61,6,45,37
NY,Ontario,30,3,27,36
NY,Orange,74,9,74,31
NY,Orleans,43,3,19,10
NY,Oswego,19,5,25,22
NY,Otsego,20,4,33,4
NY,Putnam,39,1,34,1
NY,Queens,222,68,201,147
NY,Rensselaer,51,15,59,28
NY,Richmond,36,15,44,15
NY,Rockland,11,7,11,11
NY,Saratoga,43,2,26,13
NY,Schenectady,44,5,45,31
NY,Schuyler,22,NA,NA,NA
NY,Seneca,43,27,43,43
NY,St. Lawrence,10,1,9,1
NY,Steuben,110,42,89,80
NY,Suffolk,57,43,63,53
NY,Sullivan,5,5,8,5
NY,Tioga,6,2,6,5
NY,Tompkins,80,17,77,66
NY,Ulster,72,17,64,18
NY,Warren,24,1,24,14
NY,Washington,49,2,47,21
NY,Wayne,60,8,58,43
NY,Westchester,103,30,115,84
NY,Wyoming,10,2,8,6
NY,Yates,1,NA,1,NA
OH,Adams,4,2,2,2
OH,Allen,191,7,211,111
OH,Ashland,126,40,103,75
OH,Ashtabula,65,20,50,64
OH,Athens,84,15,73,48
OH,Auglaize,98,11,100,13
OH,Belmont,14,1,20,11
OH,Brown,52,NA,52,NA
OH,Butler,302,24,268,224
OH,Carroll,84,43,76,61
OH,Champaign,54,1,47,32
OH,Clark,222,3,217,70
OH,Clermont,79,22,73,38
OH,Clinton,59,9,56,36
OH,Columbiana,7,3,5,1
OH,Coshocton,8,8,8,8
OH,Crawford,23,12,27,47
OH,Cuyahoga,1262,343,1159,758
OH,Darke,103,4,68,30
OH,Defiance,38,5,32,6
OH,Delaware,68,4,40,3
OH,Erie,177,9,149,13
OH,Fairfield,103,7,85,40
OH,Fayette,41,7,31,40
OH,Franklin,606,92,509,301
OH,Fulton,68,3,53,19
OH,Gallia,46,46,46,47
OH,Geauga,96,7,88,50
OH,Greene,67,8,63,15
OH,Guernsey,4,2,8,5
OH,Hamilton,1143,115,1051,488
OH,Hancock,120,21,142,95
OH,Hardin,73,9,69,19
OH,Harrison,28,5,32,17
OH,Henry,55,3,43,7
OH,Highland,23,2,5,2
OH,Hocking,22,1,22,11
OH,Holmes,35,3,42,11
OH,Huron,29,2,21,4
OH,Jackson,22,1,10,1
OH,Jefferson,85,7,89,20
OH,Knox,73,8,71,38
OH,Lake,88,13,62,64
OH,Lawrence,5,2,3,6
OH,Licking,47,11,44,30
OH,Logan,10,1,25,7
OH,Lorain,156,17,144,66
OH,Lucas,687,42,581,221
OH,Madison,42,41,42,42
OH,Mahoning,130,22,68,62
OH,Marion,79,7,54,7
OH,Medina,67,11,75,34
OH,Meigs,64,47,65,52
OH,Mercer,36,4,50,21
OH,Miami,65,4,64,5
OH,Monroe,43,NA,44,1
OH,Montgomery,343,83,323,161
OH,Morgan,19,1,19,3
OH,Morrow,21,1,20,18
OH,Muskingum,8,8,8,8
OH,Ottawa,42,2,43,41
OH,Paulding,18,1,17,5
OH,Pickaway,91,5,89,63
OH,Pike,33,1,19,1
OH,Portage,207,59,158,88
OH,Preble,53,3,46,13
OH,Putnam,42,NA,36,18
OH,Richland,91,10,86,37
OH,Ross,57,4,49,11
OH,Sandusky,174,7,150,73
OH,Scioto,93,5,76,20
OH,Seneca,18,2,30,9
OH,Shelby,45,6,45,27
OH,Stark,325,14,292,141
OH,Summit,549,86,524,237
OH,Trumbull,198,24,176,82
OH,Tuscarawas,92,22,82,68
OH,Union,5,1,5,1
OH,Van Wert,3,1,1,1
OH,Vinton,44,NA,43,NA
OH,Warren,122,19,94,104
OH,Washington,90,19,80,62
OH,Wayne,134,68,131,76
OH,Williams,86,2,86,78
OH,Wood,95,6,95,66
OH,Wyandot,24,1,21,14
OK,Atoka,20,1,15,36
OK,Beaver,1,NA,7,NA
OK,Beckham,2,1,4,2
OK,Blaine,1,1,2,1
OK,Bryan,39,4,54,39
OK,Caddo,25,3,23,20
OK,Canadian,90,1,50,6
OK,Carter,71,8,91,29
OK,Cherokee,1,1,1,1
OK,Choctaw,38,2,37,17
OK,Cleveland,165,30,157,103
OK,Comanche,74,19,74,33
OK,Cotton,37,17,37,37
OK,Creek,108,2,105,50
OK,Custer,16,5,18,5
OK,Delaware,66,3,73,51
OK,Dewey,3,1,10,2
OK,Ellis,23,1,19,6
OK,Garfield,30,6,47,21
OK,Garvin,10,1,38,10
OK,Grady,87,20,60,54
OK,Grant,10,1,36,14
OK,Greer,2,3,3,3
OK,Harmon,15,NA,16,9
OK,Harper,2,2,2,1
OK,Hughes,22,1,21,19
OK,Jackson,1,NA,1,NA
OK,Jefferson,6,1,10,2
OK,Johnston,29,2,31,25
OK,Kay,58,5,62,46
OK,Kingfisher,47,1,43,1
OK,Kiowa,3,NA,4,6
OK,Latimer,7,1,4,8
OK,Le Flore,17,1,39,8
OK,Lincoln,77,3,32,18
OK,Love,30,2,26,16
OK,Major,1,1,1,1
OK,Marshall,42,NA,52,35
OK,Mayes,121,4,115,17
OK,McClain,55,9,45,38
OK,McCurtain,57,1,29,33
OK,McIntosh,4,3,3,3
OK,Murray,84,17,85,64
OK,Muskogee,130,7,138,104
OK,Nowata,42,1,42,40
OK,Okfuskee,43,2,57,34
OK,Oklahoma,354,81,349,180
OK,Okmulgee,32,4,13,25
OK,Osage,3,1,17,3
OK,Ottawa,68,3,51,36
OK,Pawnee,46,NA,45,37
OK,Payne,4,4,4,4
OK,Pittsburg,104,12,125,87
OK,Pontotoc,56,1,33,41
OK,Pottawatomie,80,3,84,48
OK,Pushmataha,3,2,2,3
OK,Rogers,15,7,22,4
OK,Seminole,40,5,36,35
OK,Sequoyah,14,4,25,4
OK,Stephens,79,3,61,29
OK,Texas,36,NA,35,36
OK,Tulsa,205,33,157,106
OK,Wagoner,12,3,28,3
OK,Washington,62,21,62,39
OK,Washita,26,1,8,3
OK,Woods,2,2,2,2
OK,Woodward,8,1,11,4
OR,Benton,1,1,1,1
OR,Clackamas,70,13,60,22
OR,Columbia,17,4,8,10
OR,Coos,52,28,36,22
OR,Crook,3,NA,2,5
OR,Deschutes,111,1,59,1
OR,Douglas,43,15,31,11
OR,Grant,36,NA,37,43
OR,Hood River,1,1,1,1
OR,Jackson,37,2,35,10
OR,Jefferson,8,NA,5,11
OR,Josephine,19,3,11,4
OR,Lake,17,NA,16,12
OR,Lane,56,16,24,16
OR,Linn,29,8,18,9
OR,Malheur,16,1,6,21
OR,Marion,42,8,20,9
OR,Multnomah,263,31,99,46
OR,Polk,16,3,20,26
OR,Tillamook,41,NA,41,1
OR,Umatilla,33,11,19,10
OR,Union,22,NA,1,NA
OR,Wasco,3,NA,1,3
OR,Washington,40,2,27,20
OR,Yamhill,35,3,11,5
PA,Adams,9,4,8,4
PA,Allegheny,406,50,375,130
PA,Armstrong,21,3,19,7
PA,Beaver,11,1,9,25
PA,Bedford,5,1,5,4
PA,Berks,82,10,74,29
PA,Blair,56,3,61,33
PA,Bradford,48,2,59,26
PA,Bucks,172,19,139,70
PA,Butler,198,8,170,78
PA,Cambria,47,6,59,40
PA,Cameron,37,19,39,38
PA,Carbon,6,2,8,7
PA,Centre,43,2,43,4
PA,Chester,74,13,74,31
PA,Clarion,7,NA,8,2
PA,Clearfield,1,1,1,1
PA,Clinton,46,2,52,45
PA,Columbia,90,8,84,80
PA,Crawford,31,NA,33,12
PA,Cumberland,156,11,111,43
PA,Dauphin,170,14,163,63
PA,Delaware,145,5,131,93
PA,Elk,3,3,3,4
PA,Erie,229,10,225,122
PA,Fayette,76,3,75,25
PA,Franklin,17,5,16,18
PA,Greene,24,NA,28,36
PA,Huntingdon,20,1,16,1
PA,Indiana,13,4,18,4
PA,Jefferson,3,1,3,4
PA,Juniata,4,NA,8,2
PA,Lackawanna,99,19,75,47
PA,Lancaster,271,27,253,173
PA,Lawrence,99,NA,101,48
PA,Lebanon,89,7,68,47
PA,Lehigh,148,17,154,79
PA,Luzerne,83,26,78,65
PA,Lycoming,42,30,43,34
PA,McKean,32,1,50,16
PA,Mercer,76,5,59,10
PA,Mifflin,6,2,6,4
PA,Monroe,5,2,4,3
PA,Montgomery,178,46,162,150
PA,Northampton,66,8,67,59
PA,Northumberland,29,10,27,9
PA,Perry,10,2,10,4
PA,Philadelphia,219,52,188,99
PA,Pike,23,23,23,23
PA,Potter,11,3,22,4
PA,Schuylkill,67,12,74,52
PA,Snyder,9,3,8,2
PA,Somerset,36,3,48,16
PA,Susquehanna,1,1,5,1
PA,Tioga,4,3,4,3
PA,Union,14,1,14,2
PA,Venango,63,6,71,8
PA,Warren,10,1,11,8
PA,Washington,62,7,65,17
PA,Wayne,1,1,3,1
PA,Westmoreland,152,16,155,46
PA,Wyoming,4,1,6,3
PA,York,111,5,107,40
PR,Hormigueros,1,1,1,1
PR,San Juan,1,1,17,1
RI,Bristol,27,2,18,10
RI,Kent,58,10,24,24
RI,Newport,41,3,24,16
RI,Providence,587,67,512,253
RI,Washington,191,16,125,64
SC,Aiken,106,3,71,38
SC,Allendale,2,1,1,1
SC,Anderson,89,6,56,17
SC,Bamberg,2,NA,6,NA
SC,Barnwell,4,4,4,4
SC,Beaufort,9,4,7,4
SC,Berkeley,9,1,9,5
SC,Calhoun,29,2,24,2
SC,Charleston,44,9,41,24
SC,Cherokee,13,NA,9,18
SC,Chester,7,NA,9,NA
SC,Chesterfield,36,NA,20,25
SC,Clarendon,43,NA,6,1
SC,Colleton,3,2,5,2
SC,Dillon,13,2,1,1
SC,Dorchester,44,2,26,26
SC,Edgefield,35,NA,35,1
SC,Fairfield,7,7,7,7
SC,Florence,79,4,68,17
SC,Georgetown,36,5,6,6
SC,Greenville,158,24,173,95
SC,Greenwood,5,1,4,3
SC,Horry,36,10,18,10
SC,Jasper,5,3,3,5
SC,Kershaw,3,4,4,3
SC,Laurens,47,3,44,12
SC,Lee,11,2,2,3
SC,Lexington,72,7,81,25
SC,Marion,8,1,5,2
SC,Marlboro,1,1,1,1
SC,McCormick,1,NA,1,NA
SC,Oconee,23,NA,13,41
SC,Orangeburg,7,5,8,5
SC,Pickens,85,6,90,22
SC,Richland,214,4,194,30
SC,Spartanburg,39,9,41,24
SC,Sumter,3,3,4,7
SC,Union,2,2,1,1
SC,Williamsburg,37,3,37,31
SC,York,36,5,38,50
SD,Aurora,14,1,15,24
SD,Beadle,34,1,32,34
SD,Bennett,40,NA,40,40
SD,Bon Homme,45,4,25,48
SD,Brookings,6,1,32,1
SD,Brown,98,5,19,40
SD,Butte,9,2,6,3
SD,Charles Mix,61,7,7,21
SD,Clark,2,2,1,1
SD,Clay,38,1,54,38
SD,Codington,45,3,13,4
SD,Custer,35,NA,25,4
SD,Day,12,NA,2,3
SD,Dewey,13,NA,13,24
SD,Douglas,1,1,1,1
SD,Edmunds,11,NA,2,NA
SD,Fall River,49,2,32,35
SD,Faulk,43,NA,NA,NA
SD,Grant,56,1,34,25
SD,Gregory,19,NA,5,5
SD,Haakon,12,1,1,12
SD,Hamlin,14,NA,1,11
SD,Hand,7,1,1,8
SD,Hughes,27,NA,6,NA
SD,Hutchinson,45,2,23,8
SD,Jerauld,19,NA,1,3
SD,Kingsbury,4,4,4,4
SD,Lake,25,1,2,20
SD,Lawrence,13,4,14,4
SD,Lincoln,39,NA,49,51
SD,McCook,38,NA,40,10
SD,Meade,16,1,3,2
SD,Mellette,2,2,2,2
SD,Minnehaha,96,11,74,99
SD,Moody,5,NA,NA,NA
SD,Pennington,3,3,3,3
SD,Perkins,3,NA,1,1
SD,Potter,22,5,6,8
SD,Roberts,33,2,19,31
SD,Spink,6,NA,5,15
SD,Tripp,8,3,8,20
SD,Turner,55,7,41,40
SD,Union,47,1,48,24
SD,Walworth,8,6,15,6
SD,Yankton,5,1,3,2
TN,Anderson,78,7,76,47
TN,Bedford,19,2,10,12
TN,Bledsoe,40,NA,27,17
TN,Blount,27,4,27,26
TN,Bradley,3,1,3,1
TN,Campbell,51,1,26,6
TN,Carroll,1,2,2,6
TN,Carter,31,2,13,8
TN,Chester,5,NA,2,NA
TN,Claiborne,75,2,78,51
TN,Clay,1,1,1,1
TN,Cocke,67,NA,45,1
TN,Coffee,43,1,51,1
TN,Cumberland,84,6,58,67
TN,Davidson,173,24,143,37
TN,Decatur,1,1,1,1
TN,DeKalb,9,6,9,9
TN,Dyer,35,3,40,4
TN,Fayette,1,NA,NA,NA
TN,Franklin,32,3,29,6
TN,Gibson,54,11,60,53
TN,Giles,63,21,62,30
TN,Grainger,43,NA,42,43
TN,Greene,42,1,42,53
TN,Grundy,1,1,1,1
TN,Hamblen,1,1,1,1
TN,Hamilton,148,26,101,96
TN,Hancock,1,1,1,1
TN,Hardeman,1,1,1,1
TN,Hardin,83,1,87,25
TN,Hawkins,2,NA,2,1
TN,Haywood,34,4,35,11
TN,Henderson,3,2,2,2
TN,Henry,27,4,4,2
TN,Hickman,33,4,14,16
TN,Humphreys,3,3,3,NA
TN,Jackson,17,NA,3,11
TN,Jefferson,1,1,1,1
TN,Knox,101,17,98,69
TN,Lake,9,9,9,11
TN,Lauderdale,9,2,6,1
TN,Lawrence,44,16,41,21
TN,Lewis,6,6,6,6
TN,Lincoln,34,5,9,7
TN,Loudon,22,1,15,4
TN,Macon,30,NA,13,3
TN,Madison,121,22,127,67
TN,Marshall,41,1,41,2
TN,Maury,62,4,72,33
TN,McMinn,3,3,3,3
TN,McNairy,47,3,50,43
TN,Meigs,2,1,13,1
TN,Monroe,45,NA,40,16
TN,Montgomery,14,13,15,14
TN,Obion,59,NA,28,4
TN,Perry,2,NA,2,NA
TN,Pickett,1,1,1,1
TN,Polk,10,2,11,4
TN,Putnam,62,3,62,46
TN,Rhea,14,NA,13,1
TN,Roane,16,3,10,3
TN,Robertson,37,2,36,7
TN,Rutherford,82,13,88,24
TN,Scott,41,2,40,2
TN,Sequatchie,43,NA,2,2
TN,Sevier,64,1,62,35
TN,Shelby,336,24,248,92
TN,Smith,3,1,2,1
TN,Stewart,4,NA,NA,NA
TN,Sullivan,62,12,51,44
TN,Sumner,22,8,21,20
TN,Tipton,4,4,4,4
TN,Trousdale,29,NA,29,NA
TN,Unicoi,3,NA,4,2
TN,Warren,41,NA,41,11
TN,Washington,15,9,14,16
TN,Wayne,5,NA,1,1
TN,Weakley,104,6,57,28
TN,White,2,1,2,2
TN,Williamson,8,6,10,9
TN,Wilson,8,4,4,4
TX,Anderson,61,20,58,39
TX,Angelina,16,4,9,2
TX,Aransas,1,1,4,1
TX,Archer,3,NA,NA,2
TX,Armstrong,1,1,1,1
TX,Atascosa,83,4,60,33
TX,Austin,37,1,28,26
TX,Bailey,20,3,11,19
TX,Bandera,5,NA,NA,NA
TX,Bastrop,25,NA,16,NA
TX,Baylor,2,NA,1,NA
TX,Bee,18,NA,17,1
TX,Bell,59,6,20,14
TX,Bexar,428,73,283,174
TX,Blanco,2,NA,2,NA
TX,Bosque,74,NA,60,48
TX,Bowie,18,4,18,5
TX,Brazoria,85,3,47,15
TX,Brazos,21,NA,31,15
TX,Brooks,1,NA,1,NA
TX,Brown,32,1,16,8
TX,Burleson,6,2,6,3
TX,Burnet,42,2,38,20
TX,Caldwell,58,NA,56,9
TX,Calhoun,3,2,4,2
TX,Callahan,5,NA,7,2
TX,Cameron,44,10,42,20
TX,Cass,29,2,26,15
TX,Cherokee,51,18,44,44
TX,Clay,19,NA,20,17
TX,Coleman,4,1,2,1
TX,Collin,98,13,24,16
TX,Colorado,24,16,23,4
TX,Comal,6,3,6,3
TX,Comanche,6,NA,3,1
TX,Concho,1,NA,1,NA
TX,Cooke,26,21,27,26
TX,Coryell,4,1,1,1
TX,Crane,2,2,3,2
TX,Crockett,3,NA,3,3
TX,Crosby,19,9,17,12
TX,Dallas,334,93,293,228
TX,Denton,114,6,79,47
TX,DeWitt,14,NA,9,2
TX,Donley,10,3,16,7
TX,Eastland,5,1,2,3
TX,Ector,26,2,28,8
TX,El Paso,73,19,62,30
TX,Ellis,58,5,30,8
TX,Falls,21,NA,17,NA
TX,Fannin,57,2,34,25
TX,Fayette,23,3,19,26
TX,Floyd,6,NA,6,1
TX,Fort Bend,83,6,44,20
TX,Franklin,11,7,11,11
TX,Freestone,4,NA,4,2
TX,Frio,2,NA,2,NA
TX,Gaines,1,1,1,2
TX,Galveston,73,22,61,41
TX,Gillespie,47,5,29,10
TX,Goliad,6,2,2,2
TX,Gonzales,2,NA,4,2
TX,Grayson,92,9,76,58
TX,Gregg,127,23,96,45
TX,Grimes,5,NA,3,1
TX,Guadalupe,62,11,34,4
TX,Hale,16,1,13,1
TX,Hall,5,NA,5,NA
TX,Hamilton,6,NA,7,4
TX,Hansford,1,NA,8,1
TX,Hardin,26,1,10,18
TX,Harris,520,83,393,180
TX,Harrison,54,17,54,48
TX,Hays,13,2,9,10
TX,Hemphill,7,1,10,3
TX,Henderson,84,3,51,42
TX,Hidalgo,108,6,35,17
TX,Hill,29,1,20,19
TX,Hockley,3,NA,9,2
TX,Hood,23,NA,13,1
TX,Hopkins,8,3,26,4
TX,Houston,20,NA,13,1
TX,Howard,8,2,8,2
TX,Hunt,17,1,13,6
TX,Jack,2,NA,2,10
TX,Jackson,19,3,19,13
TX,Jasper,23,18,24,20
TX,Jefferson,99,38,80,47
TX,Jim Wells,12,NA,4,NA
TX,Johnson,37,8,22,19
TX,Jones,10,3,3,21
TX,Karnes,22,NA,13,7
TX,Kaufman,34,9,30,13
TX,Kendall,45,1,32,3
TX,Kent,16,NA,6,15
TX,Kerr,60,NA,22,13
TX,Kleberg,7,1,6,4
TX,Lamar,33,1,26,18
TX,Lamb,45,5,37,23
TX,Lampasas,21,4,19,4
TX,Lavaca,2,2,2,2
TX,Lee,38,1,38,40
TX,Leon,1,NA,1,1
TX,Liberty,32,9,30,22
TX,Limestone,35,20,41,21
TX,Lipscomb,2,NA,NA,NA
TX,Llano,16,3,16,3
TX,Lubbock,43,12,45,20
TX,Madison,18,NA,26,NA
TX,Marion,12,3,11,3
TX,Matagorda,36,3,11,3
TX,Maverick,12,NA,12,NA
TX,McLennan,157,10,152,122
TX,Medina,21,1,19,6
TX,Menard,3,NA,6,1
TX,Midland,8,3,5,4
TX,Milam,32,2,7,9
TX,Mills,2,NA,2,NA
TX,Montague,24,1,23,10
TX,Montgomery,56,8,44,46
TX,Moore,12,4,14,4
TX,Morris,2,2,2,2
TX,Motley,15,NA,7,NA
TX,Nacogdoches,3,1,3,1
TX,Navarro,69,50,63,58
TX,Newton,6,NA,4,1
TX,Nueces,29,7,13,9
TX,Ochiltree,41,1,14,18
TX,Orange,8,1,9,6
TX,Palo Pinto,2,1,2,2
TX,Panola,1,1,1,1
TX,Parker,116,9,72,33
TX,Parmer,19,9,24,21
TX,Pecos,1,NA,9,2
TX,Polk,27,2,13,20
TX,Potter,83,5,76,8
TX,Randall,13,7,13,8
TX,Reagan,15,1,19,5
TX,Real,6,3,8,5
TX,Red River,15,NA,35,17
TX,Refugio,12,NA,9,6
TX,Rockwall,9,7,9,7
TX,Runnels,24,8,20,9
TX,Rusk,6,3,5,3
TX,San Augustine,9,1,13,4
TX,San Jacinto,2,2,5,2
TX,San Saba,5,NA,NA,19
TX,Schleicher,14,NA,1,NA
TX,Shelby,22,4,25,18
TX,Sherman,17,NA,17,9
TX,Smith,111,47,95,59
TX,Somervell,4,1,4,1
TX,Starr,5,1,11,2
TX,Stephens,1,1,1,1
TX,Sterling,1,1,4,2
TX,Swisher,7,1,6,1
TX,Tarrant,339,55,250,180
TX,Taylor,25,2,13,19
TX,Terry,23,4,21,3
TX,Titus,7,5,10,6
TX,Tom Green,36,7,47,24
TX,Travis,152,26,103,96
TX,Trinity,25,17,26,25
TX,Upshur,9,2,9,1
TX,Upton,4,4,5,4
TX,Uvalde,18,NA,13,4
TX,Val Verde,10,3,10,3
TX,Van Zandt,27,7,30,21
TX,Victoria,20,4,27,11
TX,Walker,24,1,22,2
TX,Washington,30,2,28,1
TX,Webb,18,NA,12,9
TX,Wharton,12,1,23,9
TX,Wheeler,7,NA,3,1
TX,Wichita,57,8,53,36
TX,Wilbarger,20,7,18,19
TX,Willacy,25,NA,NA,NA
TX,Williamson,77,15,58,51
TX,Wilson,32,2,23,33
TX,Wise,4,NA,4,2
TX,Wood,14,5,10,6
TX,Yoakum,3,2,3,2
TX,Young,9,1,10,8
TX,Zapata,3,3,3,3
UT,Box Elder,10,1,5,6
UT,Cache,37,NA,23,9
UT,Carbon,4,NA,3,11
UT,Davis,64,3,41,11
UT,Duchesne,4,NA,NA,NA
UT,Emery,21,2,20,35
UT,Grand,4,3,9,4
UT,Iron,11,2,4,2
UT,Millard,23,NA,NA,NA
UT,Salt Lake,74,13,44,24
UT,San Juan,2,NA,1,2
UT,Sanpete,19,18,18,18
UT,Tooele,2,2,2,2
UT,Utah,27,4,23,12
UT,Wasatch,7,4,4,4
UT,Washington,45,4,9,10
UT,Weber,55,18,43,58
VA,Albermarle,69,27,79,57
VA,Alexandria City,3,3,4,4
VA,Alleghany,3,NA,3,NA
VA,Amelia,23,6,9,11
VA,Appomattox,3,2,4,NA
VA,Arlington,7,1,5,2
VA,Augusta,5,1,5,1
VA,Bedford City,5,NA,5,NA
VA,Botetourt,5,2,2,2
VA,Bristol City,3,1,5,4
VA,Brunswick,9,2,8,2
VA,Buckingham,1,1,1,1
VA,Buena Vista City,7,1,7,2
VA,Campbell,1,1,1,1
VA,Carroll,5,3,6,5
VA,Charlottesville City,10,5,10,9
VA,Chesapeake City,15,1,17,26
VA,Chesterfield,48,5,11,20
VA,Clarke,2,NA,NA,NA
VA,Colonial Heights City,24,2,24,3
VA,Danville City,10,5,12,17
VA,Dickenson,1,1,3,1
VA,Emporia City,37,2,16,13
VA,Essex,1,1,1,1
VA,Fairfax,38,2,19,5
VA,Fairfax City,4,4,4,4
VA,Fauquier,11,4,5,8
VA,Floyd,40,6,41,8
VA,Franklin City,6,NA,5,3
VA,Frederick,23,2,38,3
VA,Galax City,9,2,8,5
VA,Giles,1,1,NA,NA
VA,Goochland,27,4,7,4
VA,Grayson,40,1,41,32
VA,Greene,13,NA,7,17
VA,Halifax,23,NA,8,4
VA,Hampton City,14,5,8,7
VA,Hanover,17,NA,10,10
VA,Harrisonburg City,41,1,14,14
VA,Henrico,79,13,79,66
VA,Hopewell City,43,NA,5,NA
VA,Isle of Wight,27,NA,28,4
VA,James City,53,8,15,13
VA,King George,3,NA,1,3
VA,Loudoun,8,3,10,10
VA,Louisa,4,NA,4,4
VA,Lynchburg City,42,NA,40,19
VA,Madison,4,NA,NA,5
VA,Martinsville City,4,3,4,3
VA,Mecklenburg,44,30,49,4
VA,Middlesex,1,1,1,1
VA,Montgomery,2,2,2,3
VA,Newport News City,23,5,16,11
VA,Norfolk City,41,5,47,9
VA,Northampton,1,NA,1,1
VA,Nottoway,6,1,6,1
VA,Page,12,2,11,4
VA,Patrick,2,1,1,2
VA,Petersburg City,38,NA,32,12
VA,Poquoson,3,NA,3,1
VA,Portsmouth City,14,14,14,14
VA,Prince William,22,5,19,5
VA,Pulaski,8,5,8,5
VA,Radford City,6,NA,3,NA
VA,Richmond City,15,3,6,4
VA,Roanoke City,36,6,40,32
VA,Rockingham,4,4,4,4
VA,Salem City,1,1,1,1
VA,Shenandoah,41,3,27,NA
VA,Smyth,55,3,30,43
VA,Southampton,4,NA,4,1
VA,Spotsylvania,5,4,4,7
VA,Staunton City,12,6,13,6
VA,Suffolk City,14,18,18,11
VA,Virginia Beach City,72,11,44,40
VA,Warren,1,1,1,1
VA,Washington,35,2,35,18
VA,Waynesboro City,15,NA,14,3
VA,Wise,4,2,4,2
VA,Wythe,18,11,18,12
VA,York,1,1,1,1
VT,Bennington,2,2,2,3
VT,Chittenden,43,2,42,7
VT,Franklin,4,3,3,9
VT,Orleans,102,2,97,74
VT,Washington,11,4,7,17
VT,Windham,17,NA,35,NA
VT,Windsor,11,11,11,11
WA,Asotin,13,2,9,4
WA,Benton,16,NA,16,NA
WA,Chelan,40,1,16,2
WA,Clallam,83,3,83,43
WA,Clark,69,6,42,5
WA,Cowlitz,37,4,12,6
WA,Franklin,10,1,10,10
WA,Grant,56,30,82,60
WA,Grays Harbor,44,11,44,42
WA,Island,28,NA,NA,9
WA,King,560,57,465,257
WA,Kitsap,180,2,170,27
WA,Kittitas,3,1,3,2
WA,Lewis,14,2,16,NA
WA,Mason,34,1,42,26
WA,Okanogan,61,35,70,53
WA,Pierce,366,24,328,107
WA,Skagit,127,26,83,45
WA,Snohomish,175,45,174,70
WA,Spokane,269,28,284,70
WA,Stevens,43,NA,43,40
WA,Thurston,40,7,45,39
WA,Walla Walla,96,5,85,3
WA,Whatcom,114,15,99,33
WA,Whitman,10,6,10,7
WA,Yakima,144,39,159,64
WI,Adams,19,18,19,19
WI,Ashland,6,1,18,4
WI,Barron,58,7,73,37
WI,Bayfield,6,1,5,3
WI,Brown,65,7,42,19
WI,Burnett,34,34,34,34
WI,Calumet,2,NA,NA,NA
WI,Chippewa,82,12,70,71
WI,Clark,52,13,38,10
WI,Columbia,44,3,27,5
WI,Crawford,3,3,3,3
WI,Dane,260,40,245,138
WI,Dodge,91,13,97,42
WI,Door,39,NA,25,18
WI,Douglas,50,5,48,25
WI,Dunn,108,7,88,9
WI,Eau Claire,34,5,26,22
WI,Florence,1,NA,NA,NA
WI,Fond du Lac,88,4,48,9
WI,Forest,14,NA,2,NA
WI,Grant,157,3,167,81
WI,Green,17,2,14,8
WI,Green Lake,21,1,12,3
WI,Iowa,17,NA,20,1
WI,Iron,5,1,5,1
WI,Jackson,38,NA,38,28
WI,Jefferson,11,6,12,6
WI,Juneau,40,NA,37,33
WI,Kenosha,111,13,93,52
WI,Kewaunee,22,NA,18,NA
WI,La Crosse,164,1,111,78
WI,Lafayette,15,1,17,6
WI,Langlade,8,NA,7,1
WI,Lincoln,24,NA,23,13
WI,Manitowoc,51,8,49,32
WI,Marathon,52,27,46,32
WI,Marinette,33,2,27,43
WI,Marquette,34,5,26,30
WI,Milwaukee,231,47,261,92
WI,Monroe,23,NA,25,6
WI,Oneida,50,4,27,21
WI,Outagamie,29,2,5,5
WI,Ozaukee,2,1,1,NA
WI,Pierce,18,NA,17,NA
WI,Polk,142,16,142,100
WI,Portage,18,NA,2,NA
WI,Price,3,NA,5,5
WI,Racine,43,7,42,6
WI,Richland,20,5,9,12
WI,Rock,94,11,76,52
WI,Rusk,115,12,105,111
WI,Sauk,98,1,74,3
WI,Sawyer,3,2,1,2
WI,Shawano,44,1,42,43
WI,Sheboygan,74,16,63,48
WI,St. Croix,124,4,86,86
WI,Taylor,5,NA,NA,2
WI,Trempealeau,63,2,47,16
WI,Vernon,56,4,58,36
WI,Walworth,94,6,37,34
WI,Washburn,5,NA,5,6
WI,Washington,20,3,21,3
WI,Waukesha,188,18,182,104
WI,Waupaca,208,24,203,168
WI,Winnebago,81,2,69,6
WI,Wood,40,3,16,15
WV,Barbour,16,2,16,1
WV,Cabell,63,NA,35,38
WV,Grant,5,1,2,1
WV,Greenbrier,17,NA,1,5
WV,Hampshire,5,NA,NA,NA
WV,Hancock,1,NA,2,NA
WV,Jefferson,36,15,37,57
WV,Kanawha,71,1,40,21
WV,Lewis,10,NA,3,2
WV,Marion,37,NA,34,1
WV,Marshall,3,NA,3,NA
WV,Mason,15,NA,5,4
WV,McDowell,1,1,1,1
WV,Mercer,11,NA,15,1
WV,Mingo,1,1,1,1
WV,Monongalia,39,NA,NA,1
WV,Ohio,1,1,1,1
WV,Pendleton,43,3,43,41
WV,Raleigh,29,NA,26,31
WV,Ritchie,42,36,31,40
WV,Summers,10,NA,4,NA
WV,Tucker,1,1,1,1
WV,Upshur,2,1,1,1
WV,Wood,75,1,83,57
WY,Albany,1,1,2,1
WY,Big Horn,55,3,36,28
WY,Campbell,21,8,22,19
WY,Carbon,23,NA,26,18
WY,Converse,6,1,2,3
WY,Crook,6,NA,6,1
WY,Fremont,3,NA,NA,1
WY,Goshen,42,NA,42,39
WY,Hot Springs,42,5,42,41
WY,Johnson,6,1,4,1
WY,Laramie,16,1,3,1
WY,Lincoln,8,1,2,1
WY,Natrona,3,2,5,2
WY,Park,40,1,40,1
WY,Platte,35,NA,34,5
WY,Sheridan,22,NA,7,1
WY,Sublette,3,NA,3,5
WY,Sweetwater,13,5,6,7
WY,Teton,2,2,3,NA
WY,Uinta,22,NA,16,2
WY,Washakie,1,1,1,1
WY,Weston,9,NA,2,1
GA,Miller,NA,1,NA,NA
GA,Turner,NA,1,6,NA
KS,Logan,NA,1,NA,NA
KY,Powell,NA,1,NA,NA
MI,Mecosta,NA,1,7,5
VA,Gloucester,NA,1,NA,NA
VA,Orange,NA,1,18,NA
WV,Fayette,NA,1,NA,1
AL,Bullock,NA,NA,4,1
AZ,Graham,NA,NA,12,NA
CA,Santa Cruz,NA,NA,2,2
CO,Chaffee,NA,NA,5,NA
FL,Gilchrist,NA,NA,1,1
GA,Brantley,NA,NA,3,2
GA,Clinch,NA,NA,8,NA
GA,Colquitt,NA,NA,9,NA
IL,Menard,NA,NA,1,NA
IN,Gibson,NA,NA,6,2
IN,Ohio,NA,NA,1,NA
IN,Vermillion,NA,NA,1,NA
IN,Warren,NA,NA,1,NA
MI,Clare,NA,NA,2,NA
MO,Gentry,NA,NA,1,1
MO,Harrison,NA,NA,3,NA
MO,Schuyler,NA,NA,2,2
MS,Marshall,NA,NA,1,NA
MS,Tunica,NA,NA,1,NA
NC,Montgomery,NA,NA,13,NA
OH,Perry,NA,NA,2,NA
OR,Curry,NA,NA,7,NA
OR,Lincoln,NA,NA,1,NA
SC,Saluda,NA,NA,1,NA
TN,Dickson,NA,NA,12,NA
TX,Castro,NA,NA,13,NA
TX,Knox,NA,NA,2,NA
TX,Nolan,NA,NA,1,NA
TX,Waller,NA,NA,1,NA
VA,Franklin,NA,NA,1,NA
WA,Columbia,NA,NA,1,NA
WV,Morgan,NA,NA,6,NA
WV,Preston,NA,NA,7,NA
WV,Roane,NA,NA,1,1
GA,Calhoun,NA,NA,NA,1
GA,Dade,NA,NA,NA,4
ID,Bingham,NA,NA,NA,1
KS,Greeley,NA,NA,NA,1
KY,Boone,NA,NA,NA,11
KY,Grant,NA,NA,NA,9
KY,Hancock,NA,NA,NA,6
KY,Pendleton,NA,NA,NA,1
KY,Webster,NA,NA,NA,1
MI,Oscoda,NA,NA,NA,5
MN,Cass,NA,NA,NA,3
MS,Kemper,NA,NA,NA,1
MT,Rosebud,NA,NA,NA,1
NC,Alleghany,NA,NA,NA,1
ND,Bowman,NA,NA,NA,10
NE,Brown,NA,NA,NA,1
NE,Sherman,NA,NA,NA,1
NM,Eddy,NA,NA,NA,1
NM,McKinley,NA,NA,NA,6
NM,Union,NA,NA,NA,16
OR,Klamath,NA,NA,NA,1
PR,Humacao,NA,NA,NA,1
SD,Davison,NA,NA,NA,2
SD,Hyde,NA,NA,NA,1
SD,Sanborn,NA,NA,NA,1
TN,Marion,NA,NA,NA,1
TN,Union,NA,NA,NA,3
TX,Chambers,NA,NA,NA,1
TX,Erath,NA,NA,NA,1
UT,Sevier,NA,NA,NA,7
VA,Roanoke,NA,NA,NA,1
VA,Stafford,NA,NA,NA,18
VA,Sussex,NA,NA,NA,1
VA,Tazewell,NA,NA,NA,2
VT,Rutland,NA,NA,NA,3
WI,Oconto,NA,NA,NA,1
WV,Berkeley,NA,NA,NA,2
WV,Jackson,NA,NA,NA,2
WV,Mineral,NA,NA,NA,2
WV,Pocahontas,NA,NA,NA,5
WV,Putnam,NA,NA,NA,29
WV,Randolph,NA,NA,NA,1
WV,Taylor,NA,NA,NA,2
WV,Tyler,NA,NA,NA,2
