Provider State,County,NursingHomes_by_County
AK,Anchorage,3
AK,Bethel,1
AK,Cordova-Mccarthy,1
AK,Fairbanks,1
AK,Juneau,1
AK,Kenai-Cook Inlet,2
AK,Ketchikan,1
AK,Kodiak Island Borough,1
AK,Matanuska-Susitna,2
AK,Nome,1
AK,Not Available,1
AK,Seward,1
AK,Sitka,1
AK,Valdez-Chitina-Whittier,1
AK,Wrangell-Petersburg,2
AL,Autauga,1
AL,Baldwin,7
AL,Barbour,1
AL,Bibb,1
AL,Blount,2
AL,Bullock,1
AL,Butler,2
AL,Calhoun,5
AL,Chambers,4
AL,Cherokee,1
AL,Chilton,1
AL,Choctaw,1
AL,Clarke,2
AL,Clay,2
AL,Cleburne,1
AL,Coffee,2
AL,Colbert,3
AL,Conecuh,1
AL,Coosa,1
AL,Covington,3
AL,Crenshaw,1
AL,Cullman,5
AL,Dale,2
AL,Dallas,3
AL,DeKalb,3
AL,Elmore,4
AL,Escambia,2
AL,Etowah,6
AL,Fayette,1
AL,Franklin,4
AL,Geneva,2
AL,Greene,1
AL,Hale,2
AL,Henry,1
AL,Houston,3
AL,Jackson,3
AL,Jefferson,34
AL,Lamar,1
AL,Lauderdale,5
AL,Lawrence,1
AL,Lee,3
AL,Limestone,2
AL,Lowndes,1
AL,Macon,1
AL,Madison,12
AL,Marengo,2
AL,Marion,3
AL,Marshall,5
AL,Mobile,18
AL,Monroe,2
AL,Montgomery,10
AL,Morgan,4
AL,Perry,2
AL,Pickens,2
AL,Pike,1
AL,Randolph,2
AL,Russell,3
AL,Shelby,3
AL,St. Clair,4
AL,Sumter,1
AL,Talladega,3
AL,Tallapoosa,4
AL,Tuscaloosa,6
AL,Walker,5
AL,Washington,1
AL,Wilcox,1
AL,Winston,2
AR,Arkansas,3
AR,Ashley,2
AR,Baxter,4
AR,Benton,11
AR,Boone,3
AR,Bradley,1
AR,Carroll,2
AR,Chicot,2
AR,Clark,2
AR,Clay,3
AR,Cleburne,2
AR,Cleveland,1
AR,Columbia,3
AR,Conway,2
AR,Craighead,6
AR,Crawford,4
AR,Crittenden,3
AR,Cross,2
AR,Dallas,1
AR,Desha,1
AR,Drew,2
AR,Faulkner,6
AR,Franklin,2
AR,Fulton,1
AR,Garland,9
AR,Grant,1
AR,Greene,2
AR,Hempstead,1
AR,Hot Spring,3
AR,Howard,3
AR,Independence,3
AR,Izard,2
AR,Jackson,2
AR,Jefferson,5
AR,Johnson,1
AR,Lafayette,1
AR,Lawrence,2
AR,Lee,1
AR,Lincoln,2
AR,Little River,2
AR,Logan,2
AR,Lonoke,7
AR,Madison,1
AR,Marion,2
AR,Miller,3
AR,Mississippi,4
AR,Monroe,1
AR,Montgomery,1
AR,Nevada,2
AR,Newton,1
AR,Ouachita,4
AR,Perry,1
AR,Phillips,1
AR,Pike,2
AR,Poinsett,3
AR,Polk,1
AR,Pope,4
AR,Prairie,2
AR,Pulaski,23
AR,Randolph,2
AR,Saline,6
AR,Scott,1
AR,Searcy,1
AR,Sebastian,8
AR,Sevier,1
AR,Sharp,3
AR,St. Francis,1
AR,Stone,1
AR,Union,5
AR,Van Buren,2
AR,Washington,12
AR,White,4
AR,Woodruff,1
AR,Yell,2
AZ,Apache,1
AZ,Cochise,4
AZ,Coconino,4
AZ,Gila,4
AZ,Graham,1
AZ,Maricopa,82
AZ,Mohave,7
AZ,Navajo,3
AZ,Pima,25
AZ,Pinal,3
AZ,Yavapai,7
AZ,Yuma,5
CA,Alameda,72
CA,Amador,1
CA,Butte,9
CA,Calaveras,1
CA,Colusa,2
CA,Contra Costa,29
CA,Del Norte,1
CA,El Dorado,5
CA,Fresno,31
CA,Glenn,1
CA,Humboldt,5
CA,Imperial,3
CA,Inyo,2
CA,Kern,18
CA,Kings,3
CA,Lake,3
CA,Lassen,1
CA,Los Angeles,381
CA,Madera,5
CA,Marin,12
CA,Mariposa,1
CA,Mendocino,4
CA,Merced,10
CA,Modoc,2
CA,Monterey,14
CA,Napa,6
CA,Nevada,5
CA,Orange,74
CA,Placer,10
CA,Plumas,2
CA,Riverside,53
CA,Sacramento,37
CA,San Benito,1
CA,San Bernardino,54
CA,San Diego,83
CA,San Francisco,19
CA,San Joaquin,25
CA,San Luis Obispo,7
CA,San Mateo,14
CA,Santa Barbara,14
CA,Santa Clara,50
CA,Santa Cruz,7
CA,Shasta,10
CA,Siskiyou,1
CA,Solano,9
CA,Sonoma,20
CA,Stanislaus,19
CA,Sutter,4
CA,Tehama,2
CA,Trinity,1
CA,Tulare,16
CA,Tuolumne,2
CA,Ventura,19
CA,Yolo,7
CA,Yuba,1
CO,Adams,18
CO,Alamosa,2
CO,Arapahoe,21
CO,Archuleta,1
CO,Baca,2
CO,Bent,1
CO,Boulder,11
CO,Broomfield,1
CO,Chaffee,1
CO,Cheyenne,1
CO,Conejos,1
CO,Crowley,1
CO,Delta,3
CO,Denver,22
CO,Douglas,7
CO,Eagle,1
CO,El Paso,23
CO,Elbert,1
CO,Fremont,6
CO,Garfield,4
CO,Gunnison,1
CO,Huerfano,1
CO,Jefferson,23
CO,Kit Carson,1
CO,La Plata,2
CO,Larimer,15
CO,Las Animas,1
CO,Lincoln,1
CO,Logan,2
CO,Mesa,7
CO,Moffat,1
CO,Montezuma,2
CO,Montrose,3
CO,Morgan,3
CO,Otero,2
CO,Phillips,1
CO,Prowers,2
CO,Pueblo,9
CO,Rio Blanco,1
CO,Rio Grande,3
CO,Routt,1
CO,Sedgwick,1
CO,Teller,2
CO,Washington,1
CO,Weld,9
CO,Yuma,2
CT,Fairfield,38
CT,Hartford,60
CT,Litchfield,12
CT,Middlesex,16
CT,New Haven,55
CT,New London,17
CT,Tolland,5
CT,Windham,9
DC,District Of Columbia,19
DE,Kent,7
DE,New Castle,28
DE,Sussex,12
FL,Alachua,11
FL,Baker,2
FL,Bay,5
FL,Bradford,2
FL,Brevard,21
FL,Broward,36
FL,Calhoun,2
FL,Charlotte,8
FL,Citrus,9
FL,Clay,12
FL,Collier,12
FL,Columbia,4
FL,DeSoto,1
FL,Dixie,1
FL,Duval,34
FL,Escambia,15
FL,Flagler,2
FL,Franklin,1
FL,Gadsden,1
FL,Gilchrist,2
FL,Gulf,1
FL,Hamilton,1
FL,Hardee,2
FL,Hendry,2
FL,Hernando,5
FL,Highlands,5
FL,Hillsborough,30
FL,Holmes,1
FL,Indian River,7
FL,Jackson,4
FL,Jefferson,2
FL,Lafayette,1
FL,Lake,17
FL,Lee,22
FL,Leon,8
FL,Levy,1
FL,Madison,3
FL,Manatee,13
FL,Marion,10
FL,Martin,7
FL,Miami-Dade,54
FL,Monroe,2
FL,Nassau,2
FL,Okaloosa,8
FL,Okeechobee,1
FL,Orange,36
FL,Osceola,10
FL,Palm Beach,54
FL,Pasco,18
FL,Pinellas,68
FL,Polk,25
FL,Putnam,3
FL,Santa Rosa,4
FL,Sarasota,30
FL,Seminole,10
FL,St. Johns,8
FL,St. Lucie,9
FL,Sumter,2
FL,Suwannee,3
FL,Taylor,1
FL,Volusia,29
FL,Wakulla,1
FL,Walton,2
FL,Washington,2
GA,Appling,1
GA,Bacon,1
GA,Baldwin,4
GA,Barrow,1
GA,Bartow,3
GA,Ben Hill,2
GA,Berrien,1
GA,Bibb,11
GA,Bleckley,1
GA,Brantley,1
GA,Brooks,1
GA,Bryan,1
GA,Bulloch,4
GA,Burke,3
GA,Butts,1
GA,Calhoun,1
GA,Camden,1
GA,Candler,3
GA,Carroll,4
GA,Catoosa,3
GA,Charlton,1
GA,Chatham,14
GA,Chattooga,1
GA,Cherokee,3
GA,Clarke,4
GA,Clay,1
GA,Clayton,4
GA,Clinch,1
GA,Cobb,14
GA,Coffee,1
GA,Colquitt,4
GA,Columbia,3
GA,Cook,1
GA,Coweta,3
GA,Crawford,1
GA,Crisp,2
GA,Dade,1
GA,Decatur,2
GA,DeKalb,18
GA,Dodge,2
GA,Dooly,1
GA,Dougherty,2
GA,Douglas,1
GA,Early,1
GA,Effingham,1
GA,Elbert,3
GA,Emanuel,3
GA,Evans,1
GA,Fannin,1
GA,Fayette,2
GA,Floyd,7
GA,Forsyth,2
GA,Franklin,1
GA,Fulton,18
GA,Gilmer,2
GA,Glascock,1
GA,Glynn,5
GA,Gordon,2
GA,Grady,1
GA,Greene,2
GA,Gwinnett,12
GA,Habersham,2
GA,Hall,5
GA,Hancock,2
GA,Haralson,3
GA,Harris,1
GA,Hart,2
GA,Heard,1
GA,Henry,2
GA,Houston,5
GA,Irwin,2
GA,Jackson,2
GA,Jasper,1
GA,Jeff Davis,1
GA,Jefferson,1
GA,Jenkins,1
GA,Johnson,2
GA,Jones,2
GA,Lamar,1
GA,Lanier,1
GA,Laurens,3
GA,Lee,1
GA,Liberty,1
GA,Long,1
GA,Lowndes,4
GA,Lumpkin,2
GA,Macon,3
GA,Madison,1
GA,Marion,1
GA,McDuffie,1
GA,Meriwether,2
GA,Miller,1
GA,Mitchell,1
GA,Monroe,3
GA,Morgan,1
GA,Murray,1
GA,Muscogee,7
GA,Newton,2
GA,Oconee,1
GA,Oglethorpe,1
GA,Paulding,1
GA,Peach,1
GA,Pickens,2
GA,Polk,3
GA,Pulaski,1
GA,Putnam,1
GA,Rabun,1
GA,Randolph,1
GA,Richmond,11
GA,Rockdale,2
GA,Screven,1
GA,Seminole,1
GA,Spalding,3
GA,Stephens,1
GA,Stewart,1
GA,Sumter,2
GA,Tattnall,2
GA,Taylor,1
GA,Telfair,2
GA,Terrell,1
GA,Thomas,4
GA,Tift,2
GA,Toombs,3
GA,Towns,1
GA,Treutlen,1
GA,Troup,3
GA,Turner,1
GA,Twiggs,1
GA,Union,1
GA,Upson,3
GA,Walker,3
GA,Walton,2
GA,Ware,3
GA,Warren,1
GA,Washington,4
GA,Wayne,3
GA,Wheeler,1
GA,White,2
GA,Whitfield,4
GA,Wilcox,2
GA,Wilkes,1
GA,Wilkinson,1
GA,Worth,1
GU,Guam,1
HI,Hawaii,8
HI,Honolulu,27
HI,Kauai,5
HI,Maui,4
IA,Adair,3
IA,Adams,1
IA,Allamakee,4
IA,Appanoose,3
IA,Audubon,2
IA,Benton,4
IA,Black Hawk,12
IA,Boone,4
IA,Bremer,4
IA,Buchanan,3
IA,Buena Vista,3
IA,Butler,6
IA,Calhoun,4
IA,Carroll,5
IA,Cass,4
IA,Cedar,4
IA,Cerro Gordo,6
IA,Cherokee,5
IA,Chickasaw,2
IA,Clarke,1
IA,Clay,2
IA,Clayton,5
IA,Clinton,4
IA,Crawford,3
IA,Dallas,9
IA,Davis,2
IA,Decatur,2
IA,Delaware,1
IA,Des Moines,5
IA,Dickinson,3
IA,Dubuque,12
IA,Emmet,3
IA,Fayette,5
IA,Floyd,3
IA,Franklin,3
IA,Fremont,2
IA,Greene,2
IA,Grundy,4
IA,Guthrie,2
IA,Hamilton,3
IA,Hancock,3
IA,Hardin,6
IA,Harrison,4
IA,Henry,6
IA,Howard,4
IA,Humboldt,3
IA,Ida,3
IA,Iowa,4
IA,Jackson,3
IA,Jasper,6
IA,Jefferson,2
IA,Johnson,7
IA,Jones,2
IA,Keokuk,3
IA,Kossuth,4
IA,Lee,7
IA,Linn,18
IA,Louisa,3
IA,Lucas,1
IA,Lyon,4
IA,Madison,2
IA,Mahaska,3
IA,Marion,5
IA,Marshall,5
IA,Mills,2
IA,Mitchell,5
IA,Monona,3
IA,Monroe,2
IA,Montgomery,4
IA,Muscatine,5
IA,O'Brien,5
IA,Osceola,2
IA,Page,4
IA,Palo Alto,5
IA,Plymouth,5
IA,Pocahontas,3
IA,Polk,31
IA,Pottawattamie,7
IA,Poweshiek,5
IA,Ringgold,2
IA,Sac,4
IA,Scott,10
IA,Shelby,2
IA,Sioux,5
IA,Story,7
IA,Tama,5
IA,Taylor,2
IA,Union,2
IA,Van Buren,1
IA,Wapello,3
IA,Warren,6
IA,Washington,6
IA,Wayne,1
IA,Webster,6
IA,Winnebago,3
IA,Winneshiek,3
IA,Woodbury,11
IA,Worth,2
IA,Wright,3
ID,Ada,16
ID,Bannock,4
ID,Bear Lake,1
ID,Benewah,1
ID,Bingham,2
ID,Blaine,1
ID,Bonner,2
ID,Bonneville,4
ID,Boundary,1
ID,Canyon,7
ID,Caribou,1
ID,Cassia,2
ID,Clearwater,1
ID,Elmore,1
ID,Franklin,1
ID,Fremont,1
ID,Gem,2
ID,Gooding,1
ID,Idaho,1
ID,Kootenai,6
ID,Latah,2
ID,Lemhi,1
ID,Lincoln,1
ID,Madison,2
ID,Minidoka,1
ID,Nez Perce,6
ID,Oneida,1
ID,Owyhee,1
ID,Payette,1
ID,Power,1
ID,Shoshone,2
ID,Twin Falls,5
ID,Valley,1
ID,Washington,1
IL,Adams,6
IL,Alexander,1
IL,Bond,1
IL,Boone,3
IL,Brown,1
IL,Bureau,4
IL,Calhoun,1
IL,Carroll,2
IL,Cass,2
IL,Champaign,6
IL,Christian,4
IL,Clark,3
IL,Clay,2
IL,Clinton,4
IL,Coles,5
IL,Cook,210
IL,Crawford,2
IL,Cumberland,2
IL,De Witt,2
IL,DeKalb,7
IL,Douglas,4
IL,DuPage,39
IL,Edgar,3
IL,Edwards,1
IL,Effingham,4
IL,Fayette,3
IL,Ford,5
IL,Franklin,5
IL,Fulton,6
IL,Gallatin,1
IL,Greene,1
IL,Grundy,2
IL,Hamilton,2
IL,Hancock,2
IL,Hardin,1
IL,Henderson,1
IL,Henry,5
IL,Iroquois,6
IL,Jackson,2
IL,Jasper,1
IL,Jefferson,4
IL,Jersey,4
IL,Jo Daviess,2
IL,Johnson,1
IL,Kane,25
IL,Kankakee,6
IL,Kendall,2
IL,Knox,6
IL,Lake,24
IL,LaSalle,9
IL,Lawrence,2
IL,Lee,3
IL,Livingston,6
IL,Logan,4
IL,Macon,7
IL,Macoupin,6
IL,Madison,19
IL,Marion,5
IL,Marshall,3
IL,Mason,2
IL,Massac,2
IL,McDonough,5
IL,McHenry,11
IL,McLean,10
IL,Menard,1
IL,Mercer,2
IL,Monroe,2
IL,Montgomery,5
IL,Morgan,5
IL,Moultrie,3
IL,Ogle,7
IL,Peoria,13
IL,Perry,3
IL,Piatt,2
IL,Pike,3
IL,Randolph,4
IL,Richland,2
IL,Rock Island,9
IL,Saline,4
IL,Sangamon,9
IL,Schuyler,1
IL,Scott,1
IL,Shelby,3
IL,St. Clair,18
IL,Stark,1
IL,Stephenson,5
IL,Tazewell,9
IL,Union,4
IL,Vermilion,6
IL,Wabash,1
IL,Warren,2
IL,Washington,1
IL,Wayne,3
IL,White,4
IL,Whiteside,10
IL,Will,18
IL,Williamson,5
IL,Winnebago,16
IL,Woodford,7
IN,Adams,4
IN,Allen,28
IN,Bartholomew,6
IN,Benton,1
IN,Blackford,2
IN,Boone,7
IN,Brown,1
IN,Carroll,1
IN,Cass,4
IN,Clark,7
IN,Clay,2
IN,Clinton,4
IN,Crawford,1
IN,Daviess,6
IN,Dearborn,4
IN,Decatur,5
IN,DeKalb,4
IN,Delaware,13
IN,Dubois,9
IN,Elkhart,13
IN,Fayette,4
IN,Floyd,9
IN,Fountain,1
IN,Franklin,1
IN,Fulton,2
IN,Gibson,4
IN,Grant,6
IN,Greene,2
IN,Hamilton,17
IN,Hancock,5
IN,Harrison,3
IN,Hendricks,10
IN,Henry,7
IN,Howard,7
IN,Huntington,5
IN,Jackson,4
IN,Jasper,3
IN,Jay,2
IN,Jefferson,5
IN,Jennings,1
IN,Johnson,10
IN,Knox,6
IN,Kosciusko,5
IN,LaGrange,2
IN,Lake,23
IN,LaPorte,5
IN,Lawrence,6
IN,Madison,11
IN,Marion,52
IN,Marshall,3
IN,Martin,2
IN,Miami,4
IN,Monroe,8
IN,Montgomery,4
IN,Morgan,6
IN,Newton,1
IN,Noble,7
IN,Ohio,1
IN,Orange,2
IN,Owen,2
IN,Perry,2
IN,Pike,2
IN,Porter,10
IN,Posey,2
IN,Pulaski,3
IN,Putnam,5
IN,Randolph,3
IN,Ripley,5
IN,Rush,2
IN,Scott,4
IN,Shelby,5
IN,Spencer,3
IN,St. Joseph,18
IN,Starke,2
IN,Steuben,2
IN,Sullivan,2
IN,Switzerland,1
IN,Tippecanoe,11
IN,Tipton,1
IN,Union,1
IN,Vanderburgh,17
IN,Vermillion,2
IN,Vigo,10
IN,Wabash,7
IN,Warren,1
IN,Warrick,8
IN,Washington,2
IN,Wayne,8
IN,Wells,6
IN,White,2
IN,Whitley,2
KS,Allen,2
KS,Anderson,2
KS,Atchison,3
KS,Barber,1
KS,Barton,3
KS,Bourbon,1
KS,Brown,2
KS,Butler,7
KS,Chase,1
KS,Chautauqua,1
KS,Cherokee,3
KS,Cheyenne,1
KS,Clark,1
KS,Clay,3
KS,Cloud,4
KS,Coffey,2
KS,Comanche,2
KS,Cowley,6
KS,Crawford,6
KS,Decatur,1
KS,Dickinson,4
KS,Doniphan,2
KS,Douglas,6
KS,Edwards,1
KS,Ellis,3
KS,Ellsworth,2
KS,Finney,2
KS,Ford,5
KS,Franklin,3
KS,Geary,1
KS,Gove,1
KS,Graham,1
KS,Grant,1
KS,Gray,2
KS,Greeley,1
KS,Greenwood,1
KS,Harper,2
KS,Harvey,7
KS,Haskell,1
KS,Jackson,1
KS,Jefferson,4
KS,Johnson,38
KS,Kearny,1
KS,Kingman,2
KS,Kiowa,1
KS,Labette,5
KS,Leavenworth,5
KS,Lincoln,1
KS,Logan,1
KS,Lyon,3
KS,Marion,6
KS,Marshall,2
KS,McPherson,7
KS,Meade,2
KS,Miami,4
KS,Mitchell,2
KS,Montgomery,5
KS,Morris,1
KS,Morton,1
KS,Nemaha,5
KS,Neosho,3
KS,Ness,1
KS,Norton,1
KS,Osage,2
KS,Osborne,2
KS,Ottawa,2
KS,Pawnee,1
KS,Phillips,2
KS,Pottawatomie,4
KS,Pratt,3
KS,Rawlins,1
KS,Reno,7
KS,Republic,1
KS,Rice,3
KS,Riley,4
KS,Rooks,2
KS,Rush,1
KS,Russell,2
KS,Saline,6
KS,Scott,1
KS,Sedgwick,31
KS,Seward,3
KS,Shawnee,16
KS,Sheridan,1
KS,Sherman,1
KS,Smith,2
KS,Stafford,2
KS,Stanton,1
KS,Stevens,1
KS,Sumner,5
KS,Thomas,2
KS,Trego,1
KS,Wabaunsee,2
KS,Wallace,1
KS,Washington,2
KS,Wichita,1
KS,Wilson,1
KS,Woodson,1
KS,Wyandotte,10
KY,Adair,1
KY,Allen,1
KY,Anderson,1
KY,Ballard,1
KY,Barren,6
KY,Bath,1
KY,Bell,2
KY,Boone,4
KY,Bourbon,1
KY,Boyd,4
KY,Boyle,2
KY,Bracken,1
KY,Breathitt,1
KY,Breckinridge,2
KY,Bullitt,2
KY,Butler,1
KY,Caldwell,1
KY,Calloway,1
KY,Campbell,5
KY,Carlisle,1
KY,Carroll,1
KY,Carter,1
KY,Casey,1
KY,Christian,5
KY,Clark,2
KY,Clay,1
KY,Clinton,1
KY,Crittenden,1
KY,Cumberland,1
KY,Daviess,7
KY,Edmonson,1
KY,Elliott,1
KY,Estill,1
KY,Fayette,15
KY,Fleming,1
KY,Floyd,2
KY,Franklin,2
KY,Fulton,1
KY,Gallatin,1
KY,Garrard,1
KY,Grant,1
KY,Graves,3
KY,Grayson,2
KY,Green,1
KY,Greenup,3
KY,Hancock,1
KY,Hardin,7
KY,Harlan,2
KY,Harrison,3
KY,Hart,1
KY,Henderson,2
KY,Henry,1
KY,Hickman,2
KY,Hopkins,7
KY,Jackson,1
KY,Jefferson,45
KY,Jessamine,2
KY,Johnson,1
KY,Kenton,7
KY,Knott,1
KY,Knox,1
KY,Larue,1
KY,Laurel,1
KY,Lawrence,1
KY,Lee,1
KY,Leslie,1
KY,Letcher,1
KY,Lewis,1
KY,Lincoln,1
KY,Livingston,1
KY,Logan,2
KY,Lyon,2
KY,Madison,5
KY,Magoffin,1
KY,Marion,3
KY,Marshall,3
KY,Martin,1
KY,Mason,1
KY,McCracken,4
KY,McCreary,1
KY,McLean,1
KY,Meade,1
KY,Menifee,1
KY,Mercer,2
KY,Metcalfe,1
KY,Monroe,1
KY,Montgomery,1
KY,Morgan,1
KY,Muhlenberg,3
KY,Nelson,3
KY,Nicholas,1
KY,Ohio,3
KY,Oldham,3
KY,Owen,1
KY,Owsley,1
KY,Pendleton,1
KY,Perry,2
KY,Pike,5
KY,Powell,1
KY,Pulaski,4
KY,Robertson,1
KY,Rockcastle,2
KY,Rowan,2
KY,Russell,1
KY,Scott,2
KY,Shelby,2
KY,Simpson,1
KY,Spencer,1
KY,Taylor,2
KY,Todd,1
KY,Trigg,1
KY,Trimble,1
KY,Union,2
KY,Warren,7
KY,Washington,2
KY,Wayne,1
KY,Webster,1
KY,Whitley,5
KY,Wolfe,1
KY,Woodford,1
LA,Acadia,5
LA,Allen,3
LA,Ascension,3
LA,Assumption,1
LA,Avoyelles,8
LA,Beauregard,2
LA,Bienville,3
LA,Bossier,8
LA,Caddo,22
LA,Calcasieu,10
LA,Caldwell,1
LA,Catahoula,1
LA,Claiborne,3
LA,Concordia,2
LA,De Soto,2
LA,East Baton Rouge,25
LA,East Carroll,1
LA,East Feliciana,3
LA,Evangeline,4
LA,Franklin,4
LA,Grant,2
LA,Iberia,5
LA,Iberville,2
LA,Jackson,2
LA,Jefferson,15
LA,Jefferson Davis,4
LA,Lafayette,10
LA,Lafourche,5
LA,LaSalle,2
LA,Lincoln,3
LA,Livingston,3
LA,Madison,1
LA,Morehouse,4
LA,Natchitoches,3
LA,Orleans,14
LA,Ouachita,11
LA,Plaquemines,1
LA,Pointe Coupee,2
LA,Rapides,9
LA,Red River,1
LA,Richland,3
LA,Sabine,3
LA,St. Charles,2
LA,St. Helena,1
LA,St. James,1
LA,St. John the Baptist,2
LA,St. Landry,7
LA,St. Martin,2
LA,St. Mary,3
LA,St. Tammany,10
LA,Tangipahoa,6
LA,Terrebonne,5
LA,Union,3
LA,Vermilion,6
LA,Vernon,2
LA,Washington,3
LA,Webster,3
LA,West Baton Rouge,1
LA,West Carroll,2
LA,West Feliciana,1
LA,Winn,2
MA,Barnstable,16
MA,Berkshire,14
MA,Bristol,31
MA,Dukes,1
MA,Essex,49
MA,Franklin,4
MA,Hampden,30
MA,Hampshire,6
MA,Middlesex,79
MA,Nantucket,1
MA,Norfolk,38
MA,Plymouth,29
MA,Suffolk,26
MA,Worcester,51
MD,Allegany,8
MD,Anne Arundel,15
MD,Baltimore,45
MD,Baltimore City,27
MD,Calvert,3
MD,Caroline,2
MD,Carroll,10
MD,Cecil,3
MD,Charles,4
MD,Dorchester,2
MD,Frederick,9
MD,Garrett,4
MD,Harford,6
MD,Howard,6
MD,Kent,3
MD,Montgomery,34
MD,Prince George's,20
MD,Queen Anne's,1
MD,Somerset,2
MD,St. Mary's,3
MD,Talbot,2
MD,Washington,10
MD,Wicomico,4
MD,Worcester,3
ME,Androscoggin,6
ME,Aroostook,10
ME,Cumberland,18
ME,Franklin,3
ME,Hancock,3
ME,Kennebec,8
ME,Knox,3
ME,Lincoln,3
ME,Oxford,5
ME,Penobscot,12
ME,Piscataquis,1
ME,Sagadahoc,1
ME,Somerset,5
ME,Waldo,2
ME,Washington,3
ME,York,10
MI,Alcona,2
MI,Alger,1
MI,Allegan,6
MI,Alpena,2
MI,Antrim,1
MI,Arenac,2
MI,Baraga,1
MI,Barry,2
MI,Bay,6
MI,Benzie,2
MI,Berrien,8
MI,Branch,2
MI,Calhoun,8
MI,Cass,2
MI,Charlevoix,2
MI,Cheboygan,1
MI,Chippewa,2
MI,Clare,2
MI,Clinton,3
MI,Crawford,2
MI,Delta,3
MI,Dickinson,2
MI,Eaton,4
MI,Emmet,2
MI,Genesee,16
MI,Gladwin,2
MI,Gogebic,2
MI,Grand Traverse,4
MI,Gratiot,6
MI,Hillsdale,2
MI,Houghton,4
MI,Huron,4
MI,Ingham,9
MI,Ionia,2
MI,Iosco,3
MI,Iron,2
MI,Isabella,3
MI,Jackson,7
MI,Kalamazoo,10
MI,Kalkaska,1
MI,Kent,25
MI,Lake,1
MI,Lapeer,4
MI,Leelanau,3
MI,Lenawee,4
MI,Livingston,6
MI,Luce,1
MI,Mackinac,1
MI,Macomb,29
MI,Manistee,1
MI,Marquette,5
MI,Mason,2
MI,Mecosta,2
MI,Menominee,3
MI,Midland,3
MI,Missaukee,1
MI,Monroe,7
MI,Montcalm,4
MI,Montmorency,1
MI,Muskegon,8
MI,Newaygo,2
MI,Oakland,46
MI,Oceana,1
MI,Ogemaw,2
MI,Ontonagon,1
MI,Osceola,1
MI,Oscoda,1
MI,Otsego,2
MI,Ottawa,11
MI,Presque Isle,1
MI,Roscommon,2
MI,Saginaw,11
MI,Sanilac,3
MI,Schoolcraft,1
MI,Shiawassee,3
MI,St. Clair,5
MI,St. Joseph,4
MI,Tuscola,3
MI,Van Buren,4
MI,Washtenaw,9
MI,Wayne,68
MI,Wexford,1
MN,Aitkin,2
MN,Anoka,8
MN,Becker,4
MN,Beltrami,4
MN,Benton,2
MN,Big Stone,2
MN,Blue Earth,5
MN,Brown,4
MN,Carlton,3
MN,Carver,3
MN,Cass,1
MN,Chippewa,2
MN,Chisago,4
MN,Clay,4
MN,Clearwater,1
MN,Cook,1
MN,Cottonwood,3
MN,Crow Wing,3
MN,Dakota,9
MN,Dodge,2
MN,Douglas,4
MN,Faribault,2
MN,Fillmore,6
MN,Freeborn,4
MN,Goodhue,7
MN,Grant,1
MN,Hennepin,57
MN,Houston,4
MN,Hubbard,1
MN,Isanti,1
MN,Itasca,4
MN,Jackson,2
MN,Kanabec,1
MN,Kandiyohi,3
MN,Kittson,2
MN,Koochiching,2
MN,Lac qui Parle,2
MN,Lake,2
MN,Lake of the Woods,1
MN,Le Sueur,2
MN,Lincoln,3
MN,Lyon,3
MN,Mahnomen,1
MN,Marshall,1
MN,Martin,3
MN,McLeod,3
MN,Meeker,3
MN,Mille Lacs,3
MN,Morrison,3
MN,Mower,5
MN,Murray,1
MN,Nicollet,1
MN,Nobles,3
MN,Norman,2
MN,Olmsted,8
MN,Otter Tail,7
MN,Pennington,2
MN,Pine,2
MN,Pipestone,2
MN,Polk,6
MN,Pope,2
MN,Ramsey,28
MN,Redwood,6
MN,Renville,5
MN,Rice,5
MN,Rock,3
MN,Roseau,3
MN,Scott,4
MN,Sherburne,2
MN,Sibley,3
MN,St. Louis,17
MN,Stearns,10
MN,Steele,2
MN,Stevens,1
MN,Swift,2
MN,Todd,3
MN,Traverse,2
MN,Wabasha,2
MN,Wadena,2
MN,Waseca,3
MN,Washington,8
MN,Watonwan,2
MN,Wilkin,1
MN,Winona,4
MN,Wright,7
MN,Yellow Medicine,3
MO,Adair,2
MO,Andrew,2
MO,Atchison,2
MO,Audrain,2
MO,Barry,4
MO,Barton,1
MO,Bates,3
MO,Benton,3
MO,Bollinger,1
MO,Boone,10
MO,Buchanan,7
MO,Butler,5
MO,Caldwell,2
MO,Callaway,4
MO,Camden,5
MO,Cape Girardeau,8
MO,Carroll,2
MO,Carter,1
MO,Cass,9
MO,Cedar,2
MO,Chariton,3
MO,Christian,3
MO,Clark,1
MO,Clay,11
MO,Clinton,5
MO,Cole,8
MO,Cooper,4
MO,Crawford,3
MO,Dade,2
MO,Dallas,2
MO,Daviess,1
MO,DeKalb,1
MO,Dent,3
MO,Douglas,1
MO,Dunklin,6
MO,Franklin,9
MO,Gasconade,3
MO,Gentry,1
MO,Greene,23
MO,Grundy,2
MO,Harrison,1
MO,Henry,3
MO,Hickory,1
MO,Holt,2
MO,Howard,2
MO,Howell,5
MO,Iron,2
MO,Jackson,43
MO,Jasper,9
MO,Jefferson,11
MO,Johnson,5
MO,Knox,1
MO,Laclede,2
MO,Lafayette,5
MO,Lawrence,4
MO,Lewis,3
MO,Lincoln,4
MO,Linn,2
MO,Livingston,4
MO,Macon,3
MO,Madison,2
MO,Maries,1
MO,Marion,6
MO,McDonald,1
MO,Mercer,1
MO,Miller,4
MO,Mississippi,3
MO,Moniteau,3
MO,Monroe,1
MO,Montgomery,3
MO,Morgan,3
MO,New Madrid,6
MO,Newton,4
MO,Nodaway,4
MO,Oregon,1
MO,Osage,2
MO,Ozark,1
MO,Pemiscot,3
MO,Perry,2
MO,Pettis,5
MO,Phelps,6
MO,Pike,2
MO,Platte,5
MO,Polk,4
MO,Pulaski,3
MO,Putnam,1
MO,Ralls,1
MO,Randolph,3
MO,Ray,2
MO,Reynolds,1
MO,Ripley,1
MO,Saline,3
MO,Schuyler,1
MO,Scotland,1
MO,Scott,5
MO,Shannon,1
MO,Shelby,2
MO,St. Charles,15
MO,St. Clair,2
MO,St. Francois,8
MO,St. Louis,69
MO,St. Louis City,17
MO,Ste. Genevieve,2
MO,Stoddard,7
MO,Stone,2
MO,Sullivan,1
MO,Taney,3
MO,Texas,3
MO,Vernon,4
MO,Warren,1
MO,Washington,2
MO,Wayne,2
MO,Webster,4
MO,Worth,1
MO,Wright,3
MS,Adams,3
MS,Alcorn,3
MS,Amite,1
MS,Attala,1
MS,Benton,1
MS,Bolivar,5
MS,Calhoun,2
MS,Carroll,1
MS,Chickasaw,2
MS,Choctaw,1
MS,Claiborne,1
MS,Clarke,1
MS,Clay,2
MS,Coahoma,2
MS,Copiah,2
MS,Covington,2
MS,DeSoto,3
MS,Forrest,8
MS,Franklin,1
MS,George,2
MS,Greene,2
MS,Grenada,2
MS,Hancock,2
MS,Harrison,7
MS,Hinds,13
MS,Holmes,2
MS,Humphreys,1
MS,Itawamba,2
MS,Jackson,6
MS,Jasper,1
MS,Jefferson,1
MS,Jefferson Davis,1
MS,Jones,4
MS,Kemper,1
MS,Lafayette,1
MS,Lamar,1
MS,Lauderdale,9
MS,Lawrence,1
MS,Leake,2
MS,Lee,4
MS,Leflore,3
MS,Lincoln,4
MS,Lowndes,5
MS,Madison,3
MS,Marion,3
MS,Marshall,2
MS,Monroe,3
MS,Montgomery,1
MS,Neshoba,3
MS,Newton,2
MS,Noxubee,1
MS,Oktibbeha,2
MS,Panola,2
MS,Pearl River,3
MS,Perry,1
MS,Pike,3
MS,Pontotoc,3
MS,Prentiss,2
MS,Quitman,1
MS,Rankin,10
MS,Scott,1
MS,Sharkey,1
MS,Simpson,2
MS,Smith,1
MS,Stone,2
MS,Sunflower,3
MS,Tallahatchie,1
MS,Tate,1
MS,Tippah,3
MS,Tishomingo,2
MS,Tunica,1
MS,Union,2
MS,Walthall,2
MS,Warren,4
MS,Washington,5
MS,Wayne,1
MS,Webster,2
MS,Wilkinson,1
MS,Winston,2
MS,Yalobusha,1
MS,Yazoo,2
MT,Beaverhead,1
MT,Big Horn,2
MT,Blaine,1
MT,Carbon,1
MT,Cascade,3
MT,Custer,2
MT,Dawson,2
MT,Deer Lodge,1
MT,Fergus,3
MT,Flathead,6
MT,Gallatin,2
MT,Glacier,2
MT,Hill,1
MT,Jefferson,1
MT,Lake,3
MT,Lewis and Clark,3
MT,Lincoln,2
MT,Madison,2
MT,Missoula,4
MT,Park,1
MT,Phillips,1
MT,Pondera,1
MT,Powder River,1
MT,Powell,1
MT,Ravalli,3
MT,Richland,1
MT,Roosevelt,1
MT,Rosebud,1
MT,Sanders,2
MT,Sheridan,1
MT,Silver Bow,3
MT,Stillwater,1
MT,Toole,1
MT,Valley,1
MT,Wibaux,1
MT,Yellowstone,7
NC,Alamance,8
NC,Alexander,1
NC,Alleghany,1
NC,Anson,2
NC,Ashe,1
NC,Avery,1
NC,Beaufort,2
NC,Bertie,2
NC,Bladen,2
NC,Brunswick,5
NC,Buncombe,19
NC,Burke,5
NC,Cabarrus,7
NC,Caldwell,4
NC,Carteret,5
NC,Caswell,1
NC,Catawba,6
NC,Chatham,3
NC,Cherokee,2
NC,Chowan,1
NC,Clay,1
NC,Cleveland,4
NC,Columbus,3
NC,Craven,5
NC,Cumberland,11
NC,Currituck,1
NC,Dare,1
NC,Davidson,9
NC,Davie,3
NC,Duplin,3
NC,Durham,13
NC,Edgecombe,4
NC,Forsyth,14
NC,Franklin,2
NC,Gaston,10
NC,Gates,1
NC,Graham,1
NC,Granville,2
NC,Greene,1
NC,Guilford,21
NC,Halifax,4
NC,Harnett,5
NC,Haywood,5
NC,Henderson,9
NC,Hertford,1
NC,Hoke,1
NC,Hyde,1
NC,Iredell,6
NC,Jackson,2
NC,Johnston,5
NC,Jones,1
NC,Lee,3
NC,Lenoir,3
NC,Lincoln,3
NC,Macon,2
NC,Madison,2
NC,Martin,1
NC,McDowell,2
NC,Mecklenburg,29
NC,Mitchell,1
NC,Montgomery,1
NC,Moore,7
NC,Nash,3
NC,New Hanover,11
NC,Northampton,2
NC,Onslow,2
NC,Orange,3
NC,Pamlico,1
NC,Pasquotank,2
NC,Pender,3
NC,Perquimans,1
NC,Person,2
NC,Pitt,6
NC,Polk,3
NC,Randolph,6
NC,Richmond,2
NC,Robeson,6
NC,Rockingham,5
NC,Rowan,10
NC,Rutherford,5
NC,Sampson,2
NC,Scotland,2
NC,Stanly,4
NC,Stokes,4
NC,Surry,5
NC,Swain,2
NC,Transylvania,3
NC,Union,7
NC,Vance,3
NC,Wake,22
NC,Warren,1
NC,Washington,1
NC,Watauga,2
NC,Wayne,4
NC,Wilkes,4
NC,Wilson,5
NC,Yadkin,2
NC,Yancey,1
ND,Adams,1
ND,Barnes,1
ND,Bottineau,1
ND,Bowman,1
ND,Burleigh,6
ND,Cass,8
ND,Cavalier,1
ND,Dickey,2
ND,Divide,1
ND,Dunn,1
ND,Eddy,1
ND,Emmons,1
ND,Foster,1
ND,Grand Forks,4
ND,Griggs,1
ND,Hettinger,1
ND,LaMoure,1
ND,Logan,1
ND,McHenry,1
ND,McIntosh,2
ND,McKenzie,1
ND,McLean,2
ND,Mercer,1
ND,Morton,5
ND,Mountrail,1
ND,Nelson,3
ND,Pembina,2
ND,Pierce,1
ND,Ramsey,2
ND,Ransom,3
ND,Renville,1
ND,Richland,2
ND,Rolette,2
ND,Sargent,1
ND,Stark,3
ND,Stutsman,2
ND,Towner,1
ND,Traill,3
ND,Walsh,2
ND,Ward,2
ND,Wells,1
ND,Williams,2
NE,Adams,2
NE,Antelope,1
NE,Boone,2
NE,Box Butte,2
NE,Boyd,1
NE,Brown,1
NE,Buffalo,6
NE,Burt,2
NE,Butler,2
NE,Cass,2
NE,Cedar,4
NE,Chase,2
NE,Cherry,1
NE,Cheyenne,1
NE,Clay,2
NE,Colfax,1
NE,Cuming,3
NE,Custer,2
NE,Dakota,3
NE,Dawes,2
NE,Dawson,3
NE,Dixon,2
NE,Dodge,5
NE,Douglas,25
NE,Dundy,1
NE,Fillmore,2
NE,Franklin,1
NE,Furnas,2
NE,Gage,3
NE,Garden,1
NE,Garfield,1
NE,Gosper,1
NE,Greeley,1
NE,Hall,5
NE,Hamilton,2
NE,Harlan,1
NE,Hitchcock,1
NE,Holt,3
NE,Hooker,1
NE,Howard,1
NE,Jefferson,2
NE,Johnson,1
NE,Kearney,1
NE,Keith,1
NE,Kimball,1
NE,Knox,3
NE,Lancaster,14
NE,Lincoln,4
NE,Madison,5
NE,Merrick,2
NE,Morrill,2
NE,Nance,2
NE,Nemaha,1
NE,Nuckolls,1
NE,Otoe,3
NE,Pawnee,1
NE,Perkins,1
NE,Phelps,3
NE,Pierce,2
NE,Platte,2
NE,Polk,2
NE,Red Willow,1
NE,Richardson,3
NE,Rock,1
NE,Saline,2
NE,Sarpy,5
NE,Saunders,3
NE,Scotts Bluff,4
NE,Seward,2
NE,Sheridan,3
NE,Sherman,1
NE,Stanton,1
NE,Thayer,2
NE,Thurston,2
NE,Valley,1
NE,Washington,2
NE,Wayne,1
NE,Webster,2
NE,York,2
NH,Belknap,4
NH,Carroll,4
NH,Cheshire,6
NH,Coos,5
NH,Grafton,6
NH,Hillsboro,21
NH,Merrimack,7
NH,Rockingham,12
NH,Strafford,6
NH,Sullivan,3
NJ,Atlantic,11
NJ,Bergen,32
NJ,Burlington,18
NJ,Camden,21
NJ,Cape May,7
NJ,Cumberland,6
NJ,Essex,34
NJ,Gloucester,9
NJ,Hudson,16
NJ,Hunterdon,4
NJ,Mercer,17
NJ,Middlesex,24
NJ,Monmouth,33
NJ,Morris,21
NJ,Ocean,34
NJ,Passaic,19
NJ,Salem,5
NJ,Somerset,16
NJ,Sussex,6
NJ,Union,23
NJ,Warren,7
NM,Bernalillo,19
NM,Chaves,3
NM,Cibola,2
NM,Colfax,3
NM,Curry,3
NM,Dona Ana,6
NM,Eddy,3
NM,Grant,2
NM,Lea,3
NM,Los Alamos,1
NM,Luna,1
NM,McKinley,2
NM,Otero,3
NM,Roosevelt,1
NM,San Juan,6
NM,San Miguel,2
NM,Sandoval,3
NM,Santa Fe,2
NM,Sierra,2
NM,Socorro,1
NM,Taos,1
NM,Union,1
NM,Valencia,1
NV,Carson City,4
NV,Churchill,1
NV,Clark,41
NV,Douglas,1
NV,Elko,1
NV,Humboldt,1
NV,Lander,1
NV,Lincoln,1
NV,Lyon,1
NV,Mineral,1
NV,Nye,1
NV,Pershing,1
NV,Washoe,10
NV,White Pine,1
NY,Albany,11
NY,Allegany,4
NY,Bronx,45
NY,Broome,11
NY,Cattaraugus,5
NY,Cayuga,4
NY,Chautauqua,7
NY,Chemung,4
NY,Chenango,5
NY,Clinton,4
NY,Columbia,4
NY,Cortland,3
NY,Delaware,3
NY,Dutchess,13
NY,Erie,35
NY,Essex,3
NY,Franklin,2
NY,Fulton,3
NY,Genesee,4
NY,Greene,2
NY,Herkimer,4
NY,Jefferson,3
NY,Kings,40
NY,Lewis,1
NY,Livingston,3
NY,Madison,3
NY,Monroe,33
NY,Montgomery,5
NY,Nassau,37
NY,New York,17
NY,Niagara,10
NY,Oneida,17
NY,Onondaga,14
NY,Ontario,5
NY,Orange,10
NY,Orleans,3
NY,Oswego,4
NY,Otsego,3
NY,Putnam,2
NY,Queens,59
NY,Rensselaer,9
NY,Richmond,10
NY,Rockland,11
NY,Saratoga,3
NY,Schenectady,6
NY,Schuyler,1
NY,Seneca,1
NY,St. Lawrence,5
NY,Steuben,6
NY,Suffolk,42
NY,Sullivan,4
NY,Tioga,2
NY,Tompkins,5
NY,Ulster,7
NY,Warren,4
NY,Washington,4
NY,Wayne,4
NY,Westchester,44
NY,Wyoming,2
NY,Yates,2
OH,Adams,3
OH,Allen,14
OH,Ashland,5
OH,Ashtabula,14
OH,Athens,4
OH,Auglaize,9
OH,Belmont,11
OH,Brown,4
OH,Butler,25
OH,Carroll,3
OH,Champaign,4
OH,Clark,13
OH,Clermont,15
OH,Clinton,5
OH,Columbiana,11
OH,Coshocton,3
OH,Crawford,6
OH,Cuyahoga,98
OH,Darke,6
OH,Defiance,4
OH,Delaware,7
OH,Erie,8
OH,Fairfield,10
OH,Fayette,4
OH,Franklin,58
OH,Fulton,5
OH,Gallia,3
OH,Geauga,8
OH,Greene,12
OH,Guernsey,3
OH,Hamilton,71
OH,Hancock,6
OH,Hardin,3
OH,Harrison,3
OH,Henry,3
OH,Highland,5
OH,Hocking,1
OH,Holmes,5
OH,Huron,6
OH,Jackson,4
OH,Jefferson,9
OH,Knox,8
OH,Lake,14
OH,Lawrence,4
OH,Licking,9
OH,Logan,4
OH,Lorain,21
OH,Lucas,38
OH,Madison,2
OH,Mahoning,28
OH,Marion,6
OH,Medina,13
OH,Meigs,2
OH,Mercer,6
OH,Miami,6
OH,Monroe,2
OH,Montgomery,39
OH,Morgan,2
OH,Morrow,3
OH,Muskingum,8
OH,Noble,1
OH,Ottawa,4
OH,Paulding,2
OH,Perry,3
OH,Pickaway,4
OH,Pike,3
OH,Portage,9
OH,Preble,3
OH,Putnam,5
OH,Richland,10
OH,Ross,7
OH,Sandusky,10
OH,Scioto,11
OH,Seneca,6
OH,Shelby,4
OH,Stark,36
OH,Summit,43
OH,Trumbull,18
OH,Tuscarawas,10
OH,Union,3
OH,Van Wert,3
OH,Vinton,2
OH,Warren,16
OH,Washington,6
OH,Wayne,14
OH,Williams,4
OH,Wood,13
OH,Wyandot,2
OK,Adair,1
OK,Atoka,1
OK,Beaver,1
OK,Beckham,3
OK,Blaine,2
OK,Bryan,5
OK,Caddo,3
OK,Canadian,5
OK,Carter,6
OK,Cherokee,3
OK,Choctaw,2
OK,Cleveland,11
OK,Coal,1
OK,Comanche,4
OK,Cotton,1
OK,Craig,1
OK,Creek,8
OK,Custer,3
OK,Delaware,5
OK,Dewey,2
OK,Ellis,1
OK,Garfield,7
OK,Garvin,3
OK,Grady,5
OK,Grant,2
OK,Greer,1
OK,Harmon,1
OK,Harper,1
OK,Haskell,1
OK,Hughes,2
OK,Jackson,2
OK,Jefferson,1
OK,Johnston,1
OK,Kay,5
OK,Kingfisher,3
OK,Kiowa,2
OK,Latimer,3
OK,Le Flore,6
OK,Lincoln,4
OK,Logan,2
OK,Love,1
OK,Major,1
OK,Marshall,2
OK,Mayes,4
OK,McClain,3
OK,McCurtain,3
OK,McIntosh,3
OK,Murray,3
OK,Muskogee,10
OK,Noble,1
OK,Nowata,2
OK,Okfuskee,3
OK,Oklahoma,39
OK,Okmulgee,5
OK,Osage,3
OK,Ottawa,5
OK,Pawnee,2
OK,Payne,3
OK,Pittsburg,7
OK,Pontotoc,3
OK,Pottawatomie,6
OK,Pushmataha,2
OK,Rogers,5
OK,Seminole,4
OK,Sequoyah,4
OK,Stephens,6
OK,Texas,1
OK,Tillman,1
OK,Tulsa,32
OK,Wagoner,2
OK,Washington,5
OK,Washita,2
OK,Woods,2
OK,Woodward,2
OR,Benton,1
OR,Clackamas,13
OR,Clatsop,1
OR,Columbia,2
OR,Coos,3
OR,Crook,1
OR,Curry,1
OR,Deschutes,4
OR,Douglas,3
OR,Grant,1
OR,Hood River,1
OR,Jackson,5
OR,Jefferson,1
OR,Josephine,4
OR,Klamath,1
OR,Lake,1
OR,Lane,13
OR,Lincoln,1
OR,Linn,5
OR,Malheur,1
OR,Marion,9
OR,Multnomah,33
OR,Polk,2
OR,Tillamook,1
OR,Umatilla,3
OR,Union,1
OR,Wasco,3
OR,Washington,9
OR,Yamhill,6
PA,Adams,6
PA,Allegheny,61
PA,Armstrong,4
PA,Beaver,6
PA,Bedford,2
PA,Berks,15
PA,Blair,10
PA,Bradford,4
PA,Bucks,30
PA,Butler,12
PA,Cambria,10
PA,Cameron,1
PA,Carbon,3
PA,Centre,6
PA,Chester,22
PA,Clarion,3
PA,Clearfield,4
PA,Clinton,3
PA,Columbia,6
PA,Crawford,6
PA,Cumberland,17
PA,Dauphin,9
PA,Delaware,29
PA,Elk,2
PA,Erie,19
PA,Fayette,7
PA,Forest,1
PA,Franklin,9
PA,Fulton,1
PA,Greene,2
PA,Huntingdon,3
PA,Indiana,5
PA,Jefferson,4
PA,Juniata,3
PA,Lackawanna,18
PA,Lancaster,32
PA,Lawrence,8
PA,Lebanon,11
PA,Lehigh,16
PA,Luzerne,24
PA,Lycoming,8
PA,McKean,6
PA,Mercer,12
PA,Mifflin,3
PA,Monroe,4
PA,Montgomery,59
PA,Montour,2
PA,Northampton,13
PA,Northumberland,7
PA,Perry,3
PA,Philadelphia,47
PA,Pike,2
PA,Potter,2
PA,Schuylkill,13
PA,Snyder,1
PA,Somerset,6
PA,Sullivan,2
PA,Susquehanna,3
PA,Tioga,3
PA,Union,3
PA,Venango,5
PA,Warren,3
PA,Washington,12
PA,Wayne,3
PA,Westmoreland,19
PA,Wyoming,1
PA,York,15
PR,Hormigueros,1
PR,Humacao,1
PR,Ponce,1
PR,San Juan,2
PR,Vega Baja,1
RI,Bristol,5
RI,Kent,12
RI,Newport,6
RI,Providence,47
RI,Washington,10
SC,Abbeville,1
SC,Aiken,6
SC,Allendale,1
SC,Anderson,6
SC,Bamberg,1
SC,Barnwell,3
SC,Beaufort,7
SC,Berkeley,3
SC,Calhoun,1
SC,Charleston,13
SC,Cherokee,2
SC,Chester,1
SC,Chesterfield,2
SC,Clarendon,2
SC,Colleton,2
SC,Darlington,4
SC,Dillon,2
SC,Dorchester,4
SC,Edgefield,1
SC,Fairfield,2
SC,Florence,8
SC,Georgetown,3
SC,Greenville,19
SC,Greenwood,4
SC,Hampton,1
SC,Horry,8
SC,Jasper,2
SC,Kershaw,2
SC,Lancaster,3
SC,Laurens,4
SC,Lee,1
SC,Lexington,7
SC,Marion,2
SC,Marlboro,1
SC,McCormick,1
SC,Newberry,2
SC,Oconee,2
SC,Orangeburg,4
SC,Pickens,6
SC,Richland,14
SC,Saluda,1
SC,Spartanburg,16
SC,Sumter,3
SC,Union,2
SC,Williamsburg,2
SC,York,8
SD,Aurora,1
SD,Beadle,1
SD,Bennett,1
SD,Bon Homme,2
SD,Brookings,2
SD,Brown,5
SD,Brule,1
SD,Butte,1
SD,Charles Mix,3
SD,Clark,1
SD,Clay,3
SD,Codington,2
SD,Custer,1
SD,Davison,2
SD,Day,3
SD,Deuel,1
SD,Dewey,1
SD,Douglas,2
SD,Edmunds,2
SD,Fall River,2
SD,Faulk,1
SD,Grant,2
SD,Gregory,1
SD,Haakon,1
SD,Hamlin,2
SD,Hand,1
SD,Hughes,2
SD,Hutchinson,3
SD,Hyde,1
SD,Jackson,1
SD,Jerauld,1
SD,Kingsbury,2
SD,Lake,1
SD,Lawrence,1
SD,Lincoln,2
SD,Marshall,1
SD,McCook,3
SD,McPherson,1
SD,Meade,1
SD,Mellette,1
SD,Miner,1
SD,Minnehaha,10
SD,Moody,1
SD,Pennington,9
SD,Perkins,1
SD,Potter,1
SD,Roberts,2
SD,Sanborn,1
SD,Spink,2
SD,Tripp,1
SD,Turner,3
SD,Union,3
SD,Walworth,1
SD,Yankton,2
TN,Anderson,6
TN,Bedford,2
TN,Benton,1
TN,Bledsoe,1
TN,Blount,6
TN,Bradley,3
TN,Campbell,3
TN,Cannon,1
TN,Carroll,4
TN,Carter,6
TN,Cheatham,2
TN,Chester,1
TN,Claiborne,3
TN,Clay,1
TN,Cocke,2
TN,Coffee,4
TN,Crockett,2
TN,Cumberland,4
TN,Davidson,21
TN,Decatur,2
TN,DeKalb,1
TN,Dickson,2
TN,Dyer,3
TN,Fayette,2
TN,Fentress,1
TN,Franklin,3
TN,Gibson,8
TN,Giles,3
TN,Grainger,1
TN,Greene,4
TN,Grundy,1
TN,Hamblen,2
TN,Hamilton,11
TN,Hancock,1
TN,Hardeman,1
TN,Hardin,5
TN,Hawkins,2
TN,Haywood,1
TN,Henderson,2
TN,Henry,3
TN,Hickman,2
TN,Houston,1
TN,Humphreys,2
TN,Jackson,1
TN,Jefferson,3
TN,Johnson,1
TN,Knox,15
TN,Lake,2
TN,Lauderdale,2
TN,Lawrence,3
TN,Lewis,1
TN,Lincoln,2
TN,Loudon,2
TN,Macon,2
TN,Madison,6
TN,Marion,1
TN,Marshall,2
TN,Maury,6
TN,McMinn,4
TN,McNairy,2
TN,Meigs,1
TN,Monroe,3
TN,Montgomery,6
TN,Moore,1
TN,Morgan,1
TN,Obion,3
TN,Overton,1
TN,Perry,1
TN,Pickett,1
TN,Polk,1
TN,Putnam,4
TN,Rhea,3
TN,Roane,3
TN,Robertson,4
TN,Rutherford,9
TN,Scott,2
TN,Sequatchie,1
TN,Sevier,3
TN,Shelby,27
TN,Smith,1
TN,Stewart,1
TN,Sullivan,7
TN,Sumner,6
TN,Tipton,2
TN,Trousdale,1
TN,Unicoi,3
TN,Union,1
TN,Van Buren,1
TN,Warren,2
TN,Washington,8
TN,Wayne,1
TN,Weakley,4
TN,White,2
TN,Williamson,5
TN,Wilson,4
TX,Anderson,6
TX,Andrews,1
TX,Angelina,8
TX,Aransas,2
TX,Archer,1
TX,Armstrong,1
TX,Atascosa,6
TX,Austin,3
TX,Bailey,1
TX,Bandera,2
TX,Bastrop,5
TX,Baylor,1
TX,Bee,2
TX,Bell,16
TX,Bexar,65
TX,Blanco,1
TX,Bosque,4
TX,Bowie,8
TX,Brazoria,13
TX,Brazos,6
TX,Brooks,1
TX,Brown,7
TX,Burleson,2
TX,Burnet,3
TX,Caldwell,5
TX,Calhoun,2
TX,Callahan,2
TX,Cameron,12
TX,Camp,1
TX,Cass,5
TX,Castro,2
TX,Chambers,2
TX,Cherokee,6
TX,Childress,1
TX,Clay,1
TX,Coke,2
TX,Coleman,2
TX,Collin,22
TX,Collingsworth,1
TX,Colorado,4
TX,Comal,6
TX,Comanche,2
TX,Concho,1
TX,Cooke,4
TX,Coryell,4
TX,Crane,1
TX,Crockett,1
TX,Crosby,2
TX,Dallam,1
TX,Dallas,87
TX,Dawson,1
TX,Deaf Smith,1
TX,Delta,1
TX,Denton,18
TX,DeWitt,4
TX,Dimmit,1
TX,Donley,1
TX,Duval,1
TX,Eastland,4
TX,Ector,6
TX,El Paso,21
TX,Ellis,9
TX,Erath,3
TX,Falls,2
TX,Fannin,6
TX,Fayette,5
TX,Floyd,1
TX,Foard,1
TX,Fort Bend,15
TX,Franklin,1
TX,Freestone,3
TX,Frio,1
TX,Gaines,1
TX,Galveston,13
TX,Garza,1
TX,Gillespie,4
TX,Goliad,1
TX,Gonzales,2
TX,Gray,3
TX,Grayson,12
TX,Gregg,13
TX,Grimes,2
TX,Guadalupe,8
TX,Hale,2
TX,Hall,1
TX,Hamilton,3
TX,Hansford,1
TX,Hardin,5
TX,Harris,107
TX,Harrison,3
TX,Haskell,1
TX,Hays,6
TX,Hemphill,1
TX,Henderson,6
TX,Hidalgo,21
TX,Hill,4
TX,Hockley,2
TX,Hood,4
TX,Hopkins,4
TX,Houston,4
TX,Howard,3
TX,Hunt,5
TX,Hutchinson,2
TX,Jack,1
TX,Jackson,2
TX,Jasper,3
TX,Jefferson,14
TX,Jim Hogg,1
TX,Jim Wells,4
TX,Johnson,8
TX,Jones,3
TX,Karnes,3
TX,Kaufman,8
TX,Kendall,6
TX,Kent,1
TX,Kerr,5
TX,Kleberg,2
TX,Knox,2
TX,La Salle,1
TX,Lamar,5
TX,Lamb,3
TX,Lampasas,3
TX,Lavaca,5
TX,Lee,2
TX,Leon,1
TX,Liberty,4
TX,Limestone,5
TX,Lipscomb,1
TX,Live Oak,1
TX,Llano,2
TX,Lubbock,16
TX,Madison,2
TX,Marion,1
TX,Matagorda,3
TX,Maverick,3
TX,McCulloch,1
TX,McLennan,17
TX,Medina,4
TX,Menard,1
TX,Midland,6
TX,Milam,3
TX,Mills,2
TX,Mitchell,1
TX,Montague,2
TX,Montgomery,11
TX,Moore,2
TX,Morris,1
TX,Motley,1
TX,Nacogdoches,5
TX,Navarro,6
TX,Newton,1
TX,Nolan,2
TX,Nueces,16
TX,Ochiltree,1
TX,Orange,4
TX,Palo Pinto,2
TX,Panola,3
TX,Parker,8
TX,Parmer,2
TX,Pecos,1
TX,Polk,4
TX,Potter,11
TX,Rains,1
TX,Randall,3
TX,Reagan,1
TX,Real,1
TX,Red River,2
TX,Reeves,1
TX,Refugio,1
TX,Robertson,3
TX,Rockwall,5
TX,Runnels,3
TX,Rusk,3
TX,Sabine,2
TX,San Augustine,3
TX,San Jacinto,1
TX,San Patricio,2
TX,San Saba,1
TX,Schleicher,1
TX,Scurry,1
TX,Shelby,3
TX,Sherman,1
TX,Smith,16
TX,Somervell,2
TX,Starr,3
TX,Stephens,1
TX,Sterling,1
TX,Stonewall,1
TX,Swisher,1
TX,Tarrant,73
TX,Taylor,12
TX,Terry,2
TX,Titus,3
TX,Tom Green,8
TX,Travis,31
TX,Trinity,3
TX,Tyler,2
TX,Upshur,2
TX,Upton,1
TX,Uvalde,2
TX,Val Verde,3
TX,Van Zandt,6
TX,Victoria,5
TX,Walker,3
TX,Waller,1
TX,Ward,1
TX,Washington,4
TX,Webb,6
TX,Wharton,4
TX,Wheeler,1
TX,Wichita,12
TX,Wilbarger,2
TX,Willacy,1
TX,Williamson,16
TX,Wilson,5
TX,Wise,4
TX,Wood,5
TX,Yoakum,1
TX,Young,3
TX,Zapata,1
UT,Box Elder,3
UT,Cache,4
UT,Carbon,2
UT,Davis,7
UT,Duchesne,1
UT,Emery,1
UT,Garfield,1
UT,Grand,1
UT,Iron,2
UT,Juab,1
UT,Millard,1
UT,Salt Lake,33
UT,San Juan,1
UT,Sanpete,1
UT,Sevier,2
UT,Tooele,1
UT,Uintah,1
UT,Utah,14
UT,Wasatch,1
UT,Washington,8
UT,Weber,11
VA,Accomack,1
VA,Albermarle,7
VA,Alexandria City,4
VA,Alleghany,3
VA,Amelia,1
VA,Amherst,1
VA,Appomattox,1
VA,Arlington,4
VA,Augusta,3
VA,Bath,1
VA,Bedford City,2
VA,Bland,1
VA,Botetourt,3
VA,Bristol City,2
VA,Brunswick,1
VA,Buchanan,1
VA,Buckingham,1
VA,Buena Vista City,1
VA,Campbell,2
VA,Caroline,1
VA,Carroll,2
VA,Charlotte,1
VA,Charlottesville City,1
VA,Chesapeake City,4
VA,Chesterfield,5
VA,Clarke,1
VA,Colonial Heights City,1
VA,Culpeper,2
VA,Danville City,4
VA,Dickenson,1
VA,Emporia City,2
VA,Essex,1
VA,Fairfax,12
VA,Fairfax City,2
VA,Fauquier,2
VA,Floyd,1
VA,Fluvanna,1
VA,Franklin,2
VA,Franklin City,1
VA,Frederick,3
VA,Galax City,2
VA,Giles,1
VA,Gloucester,2
VA,Goochland,3
VA,Grayson,1
VA,Greene,1
VA,Halifax,2
VA,Hampton City,4
VA,Hanover,4
VA,Harrisonburg City,3
VA,Henrico,12
VA,Henry,1
VA,Hopewell City,2
VA,Isle of Wight,2
VA,James City,5
VA,King George,1
VA,King William,1
VA,Lancaster,2
VA,Lee,1
VA,Lexington City,2
VA,Loudoun,5
VA,Louisa,1
VA,Lynchburg City,8
VA,Madison,2
VA,Manassas City,2
VA,Martinsville City,3
VA,Mathews,1
VA,Mecklenburg,3
VA,Middlesex,2
VA,Montgomery,2
VA,Newport News City,6
VA,Norfolk City,8
VA,Northampton,1
VA,Nottoway,1
VA,Orange,1
VA,Page,1
VA,Patrick,1
VA,Petersburg City,4
VA,Pittsylvania,2
VA,Poquoson,1
VA,Portsmouth City,3
VA,Prince Edward,2
VA,Prince William,4
VA,Pulaski,2
VA,Radford City,1
VA,Richmond,1
VA,Richmond City,6
VA,Roanoke,3
VA,Roanoke City,8
VA,Rockingham,2
VA,Russell,1
VA,Salem City,3
VA,Scott,2
VA,Shenandoah,3
VA,Smyth,3
VA,Southampton,1
VA,Spotsylvania,2
VA,Stafford,2
VA,Staunton City,2
VA,Suffolk City,4
VA,Sussex,1
VA,Tazewell,3
VA,Virginia Beach City,14
VA,Warren,2
VA,Washington,2
VA,Waynesboro City,2
VA,Westmoreland,1
VA,Winchester City,1
VA,Wise,3
VA,Wythe,3
VA,York,2
VT,Addison,1
VT,Bennington,4
VT,Caledonia,2
VT,Chittenden,5
VT,Franklin,3
VT,Lamoille,1
VT,Orange,1
VT,Orleans,5
VT,Rutland,3
VT,Washington,4
VT,Windham,3
VT,Windsor,3
WA,Adams,1
WA,Asotin,1
WA,Benton,4
WA,Chelan,3
WA,Clallam,4
WA,Clark,8
WA,Columbia,1
WA,Cowlitz,4
WA,Franklin,1
WA,Grant,4
WA,Grays Harbor,3
WA,Island,1
WA,Jefferson,1
WA,King,52
WA,Kitsap,9
WA,Kittitas,1
WA,Lewis,3
WA,Mason,2
WA,Okanogan,4
WA,Pacific,1
WA,Pierce,21
WA,Skagit,5
WA,Snohomish,19
WA,Spokane,19
WA,Stevens,2
WA,Thurston,7
WA,Walla Walla,4
WA,Whatcom,9
WA,Whitman,2
WA,Yakima,11
WI,Adams,1
WI,Ashland,3
WI,Barron,6
WI,Bayfield,1
WI,Brown,10
WI,Buffalo,1
WI,Burnett,1
WI,Calumet,2
WI,Chippewa,6
WI,Clark,4
WI,Columbia,5
WI,Crawford,2
WI,Dane,18
WI,Dodge,10
WI,Door,3
WI,Douglas,4
WI,Dunn,5
WI,Eau Claire,7
WI,Florence,1
WI,Fond du Lac,8
WI,Forest,1
WI,Grant,8
WI,Green,3
WI,Green Lake,2
WI,Iowa,3
WI,Iron,2
WI,Jackson,2
WI,Jefferson,4
WI,Juneau,3
WI,Kenosha,8
WI,Kewaunee,2
WI,La Crosse,7
WI,Lafayette,1
WI,Langlade,1
WI,Lincoln,3
WI,Manitowoc,6
WI,Marathon,9
WI,Marinette,5
WI,Marquette,1
WI,Milwaukee,32
WI,Monroe,3
WI,Oconto,3
WI,Oneida,3
WI,Outagamie,8
WI,Ozaukee,4
WI,Pierce,5
WI,Polk,6
WI,Portage,2
WI,Price,2
WI,Racine,6
WI,Richland,2
WI,Rock,11
WI,Rusk,3
WI,Sauk,5
WI,Sawyer,2
WI,Shawano,5
WI,Sheboygan,9
WI,St. Croix,8
WI,Taylor,2
WI,Trempealeau,6
WI,Vernon,3
WI,Walworth,8
WI,Washburn,2
WI,Washington,4
WI,Waukesha,17
WI,Waupaca,9
WI,Winnebago,8
WI,Wood,6
WV,Barbour,2
WV,Berkeley,2
WV,Boone,1
WV,Braxton,1
WV,Brooke,2
WV,Cabell,5
WV,Calhoun,1
WV,Clay,1
WV,Fayette,6
WV,Gilmer,1
WV,Grant,1
WV,Greenbrier,4
WV,Hampshire,2
WV,Hancock,3
WV,Hardy,1
WV,Harrison,6
WV,Jackson,2
WV,Jefferson,3
WV,Kanawha,11
WV,Lewis,1
WV,Lincoln,1
WV,Logan,2
WV,Marion,5
WV,Marshall,2
WV,Mason,2
WV,McDowell,2
WV,Mercer,4
WV,Mineral,2
WV,Mingo,1
WV,Monongalia,4
WV,Monroe,1
WV,Morgan,2
WV,Nicholas,1
WV,Ohio,3
WV,Pendleton,1
WV,Pleasants,1
WV,Pocahontas,1
WV,Preston,2
WV,Putnam,2
WV,Raleigh,4
WV,Randolph,3
WV,Ritchie,1
WV,Roane,2
WV,Summers,2
WV,Taylor,2
WV,Tucker,1
WV,Tyler,1
WV,Upshur,2
WV,Wayne,1
WV,Webster,1
WV,Wetzel,1
WV,Wirt,1
WV,Wood,5
WV,Wyoming,1
WY,Albany,2
WY,Big Horn,3
WY,Campbell,1
WY,Carbon,2
WY,Converse,1
WY,Crook,1
WY,Fremont,3
WY,Goshen,1
WY,Hot Springs,1
WY,Johnson,1
WY,Laramie,3
WY,Lincoln,2
WY,Natrona,3
WY,Park,2
WY,Platte,1
WY,Sheridan,3
WY,Sublette,1
WY,Sweetwater,2
WY,Teton,1
WY,Uinta,1
WY,Washakie,1
WY,Weston,1
