"","Provider.State","County","WeeksofShortage_of_EP_by_County","WeeksofShortage_of_GL_by_County","WeeksofShortage_of_HS_by_County","WeeksofShortage_of_N95_by_County","WeeksofShortage_of_SM_by_County","WeeksofShortage_of_VT_by_County"
"1","AK","Kenai-Cook Inlet",1,1,1,21,1,NA
"2","AK","Matanuska-Susitna",1,1,1,1,1,NA
"3","AK","Seward",3,5,4,22,4,NA
"4","AL","Baldwin",26,17,12,50,25,NA
"5","AL","Barbour",42,22,42,42,42,NA
"6","AL","Bibb",13,9,4,11,3,NA
"7","AL","Bullock",1,1,1,1,2,NA
"8","AL","Butler",2,1,1,6,1,NA
"9","AL","Chambers",6,1,2,25,30,NA
"10","AL","Chilton",3,3,3,17,3,NA
"11","AL","Clarke",35,1,7,35,34,NA
"12","AL","Clay",2,NA,NA,16,NA,NA
"13","AL","Coffee",9,11,9,11,9,NA
"14","AL","Colbert",60,2,2,84,61,NA
"15","AL","Conecuh",14,15,12,17,15,NA
"16","AL","Coosa",1,1,1,3,1,NA
"17","AL","Cullman",2,NA,NA,9,NA,NA
"18","AL","DeKalb",9,2,2,26,21,NA
"19","AL","Elmore",22,4,3,43,23,NA
"20","AL","Escambia",47,1,1,57,49,NA
"21","AL","Etowah",1,1,2,13,4,NA
"22","AL","Fayette",17,NA,2,33,33,NA
"23","AL","Franklin",29,13,26,71,30,NA
"24","AL","Geneva",8,1,1,12,10,NA
"25","AL","Hale",30,28,24,54,29,NA
"26","AL","Henry",1,1,1,1,1,NA
"27","AL","Houston",1,NA,NA,NA,NA,NA
"28","AL","Jackson",18,32,8,37,11,NA
"29","AL","Jefferson",78,35,33,219,64,NA
"30","AL","Lauderdale",59,19,23,87,34,NA
"31","AL","Lee",47,11,22,52,25,NA
"32","AL","Limestone",3,NA,NA,13,2,NA
"33","AL","Lowndes",15,14,16,18,16,NA
"34","AL","Madison",39,17,35,71,59,NA
"35","AL","Mobile",47,59,34,151,100,NA
"36","AL","Monroe",11,18,17,12,12,NA
"37","AL","Montgomery",13,13,9,35,17,NA
"38","AL","Morgan",29,6,1,34,27,NA
"39","AL","Perry",19,17,24,19,18,NA
"40","AL","Pike",10,8,9,11,10,NA
"41","AL","Randolph",21,1,15,34,23,NA
"42","AL","Russell",24,1,7,28,34,NA
"43","AL","Shelby",1,1,2,1,1,NA
"44","AL","St. Clair",1,1,1,10,2,NA
"45","AL","Talladega",7,1,2,7,7,NA
"46","AL","Tallapoosa",2,3,2,4,5,NA
"47","AL","Tuscaloosa",1,5,NA,65,4,NA
"48","AL","Washington",11,2,2,11,2,NA
"49","AL","Wilcox",3,2,2,13,2,NA
"50","AL","Winston",7,NA,NA,19,7,NA
"51","AR","Ashley",1,4,2,1,1,NA
"52","AR","Benton",2,5,3,17,2,NA
"53","AR","Boone",8,24,24,11,21,NA
"54","AR","Carroll",2,1,1,1,1,NA
"55","AR","Chicot",14,11,12,14,14,NA
"56","AR","Clay",1,1,1,4,3,NA
"57","AR","Conway",4,1,1,9,2,NA
"58","AR","Crawford",15,6,1,29,17,NA
"59","AR","Cross",2,2,NA,6,6,NA
"60","AR","Desha",1,1,1,1,1,NA
"61","AR","Drew",8,2,NA,9,NA,NA
"62","AR","Faulkner",7,1,NA,22,15,NA
"63","AR","Franklin",3,1,1,13,14,NA
"64","AR","Garland",3,5,2,12,5,NA
"65","AR","Hempstead",1,1,1,1,1,NA
"66","AR","Hot Spring",3,1,NA,37,2,NA
"67","AR","Izard",1,NA,NA,1,NA,NA
"68","AR","Jefferson",44,45,41,41,43,NA
"69","AR","Lawrence",1,NA,5,NA,NA,NA
"70","AR","Lonoke",6,4,1,5,4,NA
"71","AR","Mississippi",2,2,2,2,3,NA
"72","AR","Monroe",3,3,NA,15,NA,NA
"73","AR","Montgomery",1,1,1,1,1,NA
"74","AR","Phillips",4,3,5,3,2,NA
"75","AR","Pike",1,NA,NA,NA,NA,NA
"76","AR","Poinsett",2,NA,NA,NA,NA,NA
"77","AR","Prairie",8,1,2,15,13,NA
"78","AR","Pulaski",28,18,17,69,16,NA
"79","AR","Randolph",2,NA,NA,4,3,NA
"80","AR","Saline",9,1,2,28,19,NA
"81","AR","Searcy",1,3,NA,9,2,NA
"82","AR","Sebastian",6,1,1,35,7,NA
"83","AR","Sevier",1,1,1,5,1,NA
"84","AR","Sharp",4,NA,NA,9,3,NA
"85","AR","Van Buren",6,1,10,NA,11,NA
"86","AR","Yell",2,2,3,5,2,NA
"87","AZ","Apache",1,1,NA,NA,NA,NA
"88","AZ","Cochise",1,2,17,16,NA,NA
"89","AZ","Coconino",1,1,1,1,1,NA
"90","AZ","Gila",32,32,34,41,34,NA
"91","AZ","Maricopa",336,169,131,578,278,2
"92","AZ","Pima",92,49,43,93,70,11
"93","AZ","Yavapai",2,4,3,39,34,NA
"94","CA","Alameda",144,169,163,226,149,7
"95","CA","Butte",6,6,1,13,4,NA
"96","CA","Contra Costa",106,101,105,140,89,3
"97","CA","Fresno",57,74,143,182,46,5
"98","CA","Humboldt",7,9,4,7,7,NA
"99","CA","Imperial",3,1,3,2,3,NA
"100","CA","Kern",35,36,25,34,28,1
"101","CA","Los Angeles",989,1235,1154,1034,960,63
"102","CA","Madera",7,2,1,8,2,NA
"103","CA","Marin",45,60,53,63,49,NA
"104","CA","Merced",5,NA,NA,1,NA,NA
"105","CA","Modoc",9,10,10,9,8,NA
"106","CA","Monterey",6,3,6,8,4,NA
"107","CA","Nevada",1,3,NA,1,NA,NA
"108","CA","Orange",147,205,173,176,150,19
"109","CA","Placer",1,20,1,5,1,NA
"110","CA","Riverside",158,163,148,208,131,1
"111","CA","Sacramento",79,66,53,77,55,3
"112","CA","San Bernardino",91,74,117,120,82,7
"113","CA","San Diego",78,103,61,154,67,4
"114","CA","San Francisco",54,46,15,63,32,4
"115","CA","San Joaquin",104,175,145,137,118,NA
"116","CA","San Mateo",16,5,13,66,6,1
"117","CA","Santa Barbara",11,6,19,19,3,NA
"118","CA","Santa Clara",66,84,88,143,60,5
"119","CA","Santa Cruz",2,3,2,5,3,1
"120","CA","Shasta",3,2,3,37,1,NA
"121","CA","Solano",64,30,27,65,29,NA
"122","CA","Sonoma",28,18,32,86,21,1
"123","CA","Stanislaus",21,36,16,49,20,NA
"124","CA","Sutter",3,NA,NA,3,NA,NA
"125","CA","Tulare",26,13,8,27,24,2
"126","CA","Ventura",11,9,11,15,11,4
"127","CA","Yolo",42,42,42,42,42,NA
"128","CO","Adams",52,35,31,106,53,NA
"129","CO","Alamosa",2,2,14,24,7,NA
"130","CO","Arapahoe",19,5,31,59,27,NA
"131","CO","Baca",1,1,1,1,1,NA
"132","CO","Bent",4,NA,NA,2,NA,NA
"133","CO","Boulder",76,16,34,115,79,NA
"134","CO","Delta",8,NA,NA,15,2,NA
"135","CO","Denver",82,57,48,123,104,NA
"136","CO","El Paso",92,52,43,163,93,3
"137","CO","Fremont",35,7,6,57,42,NA
"138","CO","Garfield",5,5,5,5,5,NA
"139","CO","Gunnison",1,1,1,1,1,NA
"140","CO","Jefferson",96,43,38,197,114,NA
"141","CO","Kit Carson",1,NA,1,1,NA,NA
"142","CO","La Plata",3,3,3,3,3,NA
"143","CO","Larimer",34,14,14,54,40,NA
"144","CO","Logan",3,8,3,4,3,NA
"145","CO","Mesa",50,4,5,84,57,NA
"146","CO","Montrose",30,29,29,35,30,NA
"147","CO","Morgan",3,4,4,48,42,NA
"148","CO","Otero",2,NA,2,21,2,NA
"149","CO","Phillips",2,3,1,1,1,NA
"150","CO","Prowers",1,NA,NA,NA,NA,NA
"151","CO","Pueblo",45,25,22,105,47,NA
"152","CO","Rio Blanco",1,1,11,34,17,NA
"153","CO","Rio Grande",2,4,12,1,2,NA
"154","CO","Sedgwick",5,NA,2,7,NA,NA
"155","CO","Weld",16,9,10,23,36,NA
"156","CO","Yuma",11,12,4,19,18,NA
"157","CT","Fairfield",90,22,23,146,94,NA
"158","CT","Hartford",135,141,134,680,138,NA
"159","CT","Litchfield",10,10,10,31,11,13
"160","CT","Middlesex",6,8,7,31,5,NA
"161","CT","New Haven",129,26,19,245,130,NA
"162","CT","New London",48,13,9,58,49,NA
"163","CT","Tolland",25,5,5,48,25,NA
"164","CT","Windham",1,1,2,46,12,NA
"165","DC","District Of Columbia",24,12,12,26,16,1
"166","DE","Kent",22,8,2,31,26,NA
"167","DE","New Castle",60,12,8,100,74,NA
"168","DE","Sussex",62,2,3,106,61,NA
"169","FL","Alachua",2,2,2,2,2,NA
"170","FL","Bay",12,12,12,10,12,NA
"171","FL","Bradford",34,36,34,37,41,NA
"172","FL","Brevard",86,94,62,106,84,NA
"173","FL","Broward",52,64,23,86,52,NA
"174","FL","Charlotte",9,2,2,37,9,NA
"175","FL","Citrus",5,9,6,26,4,NA
"176","FL","Clay",47,22,44,71,26,NA
"177","FL","Collier",4,4,4,9,4,NA
"178","FL","Columbia",26,4,6,56,21,NA
"179","FL","DeSoto",12,NA,NA,9,NA,NA
"180","FL","Duval",95,23,18,137,85,NA
"181","FL","Escambia",160,131,128,164,161,NA
"182","FL","Flagler",1,2,NA,3,1,NA
"183","FL","Gadsden",39,17,30,42,42,NA
"184","FL","Gilchrist",1,NA,NA,NA,NA,NA
"185","FL","Hernando",2,2,1,21,14,NA
"186","FL","Highlands",28,8,24,27,18,NA
"187","FL","Hillsborough",19,18,18,46,31,NA
"188","FL","Indian River",14,14,13,16,14,NA
"189","FL","Jackson",25,8,11,30,5,NA
"190","FL","Jefferson",2,1,1,2,2,NA
"191","FL","Lafayette",1,1,1,1,1,NA
"192","FL","Lake",12,9,8,27,11,NA
"193","FL","Lee",40,14,17,91,19,NA
"194","FL","Leon",2,1,1,5,1,NA
"195","FL","Levy",1,1,1,1,1,NA
"196","FL","Madison",9,NA,1,29,4,NA
"197","FL","Manatee",6,3,3,32,4,NA
"198","FL","Marion",19,6,5,40,19,NA
"199","FL","Martin",2,5,3,9,3,NA
"200","FL","Miami-Dade",74,65,45,148,63,1
"201","FL","Monroe",2,2,2,13,11,NA
"202","FL","Okaloosa",3,28,3,7,5,NA
"203","FL","Orange",66,36,32,187,35,1
"204","FL","Osceola",19,1,1,31,5,NA
"205","FL","Palm Beach",121,90,90,217,96,NA
"206","FL","Pasco",65,22,5,104,31,NA
"207","FL","Pinellas",215,49,46,311,203,NA
"208","FL","Polk",9,7,10,60,13,NA
"209","FL","Putnam",3,5,1,18,1,NA
"210","FL","Santa Rosa",6,4,4,15,3,NA
"211","FL","Sarasota",61,33,13,140,111,1
"212","FL","Seminole",22,3,3,63,52,NA
"213","FL","St. Johns",10,4,2,23,2,NA
"214","FL","St. Lucie",15,6,6,21,16,NA
"215","FL","Suwannee",1,1,1,1,1,NA
"216","FL","Volusia",128,141,115,200,122,NA
"217","FL","Walton",1,1,2,7,1,NA
"218","FL","Washington",1,1,1,1,1,NA
"219","GA","Barrow",1,1,1,1,1,NA
"220","GA","Berrien",6,1,1,7,NA,NA
"221","GA","Bibb",15,8,6,24,15,28
"222","GA","Bleckley",2,NA,NA,NA,NA,NA
"223","GA","Bulloch",14,14,12,8,7,NA
"224","GA","Burke",1,2,1,6,1,NA
"225","GA","Butts",25,9,12,21,4,NA
"226","GA","Camden",1,1,1,2,1,NA
"227","GA","Candler",8,8,9,13,8,NA
"228","GA","Catoosa",9,5,3,13,2,NA
"229","GA","Chatham",7,5,13,19,10,NA
"230","GA","Cherokee",3,3,3,3,3,NA
"231","GA","Clarke",13,13,13,14,13,NA
"232","GA","Clay",12,4,7,16,9,NA
"233","GA","Clayton",3,1,1,28,1,NA
"234","GA","Cobb",9,10,8,42,7,NA
"235","GA","Coffee",1,1,1,1,1,NA
"236","GA","Colquitt",6,4,4,6,6,7
"237","GA","Columbia",31,29,33,40,15,NA
"238","GA","Cook",1,NA,NA,29,1,NA
"239","GA","Crawford",10,12,13,13,10,NA
"240","GA","Crisp",4,10,13,3,NA,NA
"241","GA","Decatur",9,NA,NA,9,8,NA
"242","GA","DeKalb",44,33,40,126,34,NA
"243","GA","Dooly",2,2,3,2,2,NA
"244","GA","Dougherty",4,3,3,15,3,NA
"245","GA","Early",3,2,NA,4,1,NA
"246","GA","Emanuel",8,8,8,8,21,NA
"247","GA","Fayette",3,NA,NA,3,NA,NA
"248","GA","Floyd",4,3,5,4,5,1
"249","GA","Fulton",88,95,93,91,90,NA
"250","GA","Gwinnett",2,1,2,4,3,NA
"251","GA","Habersham",2,NA,NA,2,NA,NA
"252","GA","Hall",3,18,20,27,24,NA
"253","GA","Hancock",3,NA,1,25,NA,NA
"254","GA","Haralson",2,1,13,8,8,NA
"255","GA","Harris",1,NA,1,NA,NA,NA
"256","GA","Hart",1,1,NA,NA,NA,NA
"257","GA","Houston",4,6,11,60,9,NA
"258","GA","Irwin",8,NA,NA,NA,8,NA
"259","GA","Jackson",4,8,NA,31,6,NA
"260","GA","Jefferson",8,NA,NA,NA,NA,NA
"261","GA","Jones",5,NA,NA,9,4,NA
"262","GA","Laurens",31,18,17,32,31,NA
"263","GA","Liberty",9,13,12,12,11,NA
"264","GA","Lowndes",5,5,5,8,7,NA
"265","GA","Macon",10,NA,NA,6,NA,NA
"266","GA","Madison",2,3,1,1,1,NA
"267","GA","Monroe",2,NA,1,NA,1,NA
"268","GA","Muscogee",14,12,1,17,13,2
"269","GA","Newton",6,1,7,4,3,NA
"270","GA","Oglethorpe",8,6,13,3,NA,NA
"271","GA","Peach",36,35,35,42,35,NA
"272","GA","Polk",38,NA,NA,40,40,NA
"273","GA","Putnam",5,1,1,14,3,NA
"274","GA","Richmond",6,6,6,6,6,NA
"275","GA","Rockdale",2,1,18,7,NA,NA
"276","GA","Screven",1,NA,4,8,1,NA
"277","GA","Seminole",1,NA,NA,NA,NA,NA
"278","GA","Sumter",1,1,2,7,1,NA
"279","GA","Tattnall",44,44,44,44,44,NA
"280","GA","Taylor",2,NA,NA,NA,NA,NA
"281","GA","Thomas",3,3,3,3,3,NA
"282","GA","Tift",4,4,4,4,4,NA
"283","GA","Walker",39,10,10,39,39,NA
"284","GA","Walton",4,1,1,1,1,NA
"285","GA","Ware",16,2,3,24,15,NA
"286","GA","Warren",2,1,3,4,1,NA
"287","GA","Washington",8,1,2,9,1,NA
"288","GA","Wayne",15,14,17,16,15,NA
"289","HI","Hawaii",52,21,44,76,49,NA
"290","HI","Honolulu",150,7,10,124,98,12
"291","HI","Kauai",7,12,6,11,6,NA
"292","HI","Maui",3,1,1,51,45,NA
"293","IA","Allamakee",25,5,25,29,25,NA
"294","IA","Audubon",33,26,15,60,60,NA
"295","IA","Benton",35,1,3,43,40,NA
"296","IA","Black Hawk",97,17,26,150,96,NA
"297","IA","Boone",13,6,5,23,14,NA
"298","IA","Bremer",5,4,2,42,27,NA
"299","IA","Buchanan",47,NA,47,47,47,NA
"300","IA","Butler",71,NA,70,86,78,NA
"301","IA","Calhoun",34,5,3,47,34,NA
"302","IA","Carroll",35,75,46,68,65,NA
"303","IA","Cass",5,1,1,25,1,NA
"304","IA","Cedar",40,29,9,69,40,NA
"305","IA","Cerro Gordo",48,3,48,49,48,NA
"306","IA","Cherokee",3,3,3,3,3,33
"307","IA","Chickasaw",13,5,5,33,23,NA
"308","IA","Clay",11,12,11,16,32,NA
"309","IA","Clayton",55,12,42,91,72,NA
"310","IA","Clinton",18,1,1,20,6,NA
"311","IA","Crawford",43,15,11,51,42,NA
"312","IA","Dallas",4,4,8,46,11,NA
"313","IA","Davis",24,NA,24,24,24,NA
"314","IA","Des Moines",30,30,30,41,31,NA
"315","IA","Dickinson",1,1,1,1,1,NA
"316","IA","Dubuque",149,58,50,173,131,NA
"317","IA","Emmet",22,NA,22,22,25,NA
"318","IA","Fayette",48,1,54,79,51,NA
"319","IA","Floyd",52,1,24,98,70,NA
"320","IA","Franklin",26,4,26,26,26,NA
"321","IA","Greene",25,1,2,30,27,NA
"322","IA","Grundy",45,18,14,48,45,NA
"323","IA","Guthrie",2,2,5,16,15,NA
"324","IA","Hamilton",24,1,24,25,24,NA
"325","IA","Hancock",47,NA,47,66,55,NA
"326","IA","Hardin",23,39,9,63,41,NA
"327","IA","Harrison",2,23,3,40,37,NA
"328","IA","Henry",6,5,4,33,14,NA
"329","IA","Howard",36,6,28,75,51,NA
"330","IA","Humboldt",3,3,4,6,3,NA
"331","IA","Ida",59,36,59,75,60,NA
"332","IA","Iowa",27,7,7,75,48,NA
"333","IA","Jackson",3,NA,2,10,7,NA
"334","IA","Jasper",4,2,5,4,4,NA
"335","IA","Johnson",11,35,29,41,42,NA
"336","IA","Jones",20,11,18,25,19,NA
"337","IA","Keokuk",38,12,35,33,38,NA
"338","IA","Kossuth",38,15,5,60,13,NA
"339","IA","Lee",33,10,11,50,36,NA
"340","IA","Linn",146,84,131,231,190,NA
"341","IA","Louisa",49,25,49,50,49,NA
"342","IA","Lyon",3,11,12,28,4,NA
"343","IA","Madison",8,7,5,15,7,NA
"344","IA","Marion",51,46,36,71,43,NA
"345","IA","Marshall",1,NA,2,3,NA,NA
"346","IA","Mills",41,31,19,53,51,NA
"347","IA","Mitchell",31,5,1,53,66,NA
"348","IA","Monona",32,7,1,82,33,NA
"349","IA","Monroe",3,4,3,4,3,NA
"350","IA","Montgomery",19,NA,NA,48,18,NA
"351","IA","Muscatine",13,6,2,16,16,NA
"352","IA","Page",7,4,4,7,11,NA
"353","IA","Palo Alto",25,1,25,27,26,NA
"354","IA","Plymouth",15,11,11,14,12,NA
"355","IA","Pocahontas",1,5,NA,4,2,NA
"356","IA","Polk",185,77,68,293,210,1
"357","IA","Pottawattamie",33,6,2,64,34,NA
"358","IA","Poweshiek",4,1,NA,7,4,NA
"359","IA","Ringgold",18,18,18,18,19,NA
"360","IA","Sac",28,4,27,33,29,NA
"361","IA","Scott",34,2,2,66,26,NA
"362","IA","Sioux",2,3,3,9,3,NA
"363","IA","Story",25,2,25,43,25,NA
"364","IA","Tama",11,10,2,62,32,NA
"365","IA","Wapello",3,3,4,12,3,NA
"366","IA","Warren",28,3,27,31,27,9
"367","IA","Washington",10,2,1,31,8,NA
"368","IA","Webster",13,16,8,22,20,NA
"369","IA","Winnebago",31,4,27,39,31,NA
"370","IA","Winneshiek",10,1,1,20,19,NA
"371","IA","Woodbury",6,8,3,32,6,NA
"372","IA","Worth",1,1,1,1,1,NA
"373","IA","Wright",24,NA,24,24,24,NA
"374","ID","Ada",23,16,4,43,7,NA
"375","ID","Bannock",1,1,2,13,2,NA
"376","ID","Bonneville",57,11,8,60,52,NA
"377","ID","Boundary",30,NA,NA,33,32,NA
"378","ID","Canyon",22,8,8,41,25,2
"379","ID","Cassia",2,1,1,19,1,NA
"380","ID","Fremont",20,NA,NA,16,1,NA
"381","ID","Kootenai",14,17,8,16,11,NA
"382","ID","Lemhi",3,NA,NA,8,3,NA
"383","ID","Lincoln",3,2,3,12,2,NA
"384","ID","Madison",22,9,2,40,7,NA
"385","ID","Minidoka",1,1,1,1,2,NA
"386","ID","Nez Perce",6,2,3,23,6,NA
"387","ID","Shoshone",2,NA,1,13,1,NA
"388","ID","Twin Falls",12,3,2,23,9,NA
"389","IL","Adams",4,2,1,11,2,NA
"390","IL","Boone",2,2,2,14,2,NA
"391","IL","Bureau",1,1,1,6,1,NA
"392","IL","Calhoun",1,NA,NA,4,2,NA
"393","IL","Carroll",1,2,1,2,NA,NA
"394","IL","Cass",7,7,7,7,7,NA
"395","IL","Champaign",2,1,2,21,1,NA
"396","IL","Christian",12,6,6,4,5,NA
"397","IL","Clark",1,9,1,5,17,NA
"398","IL","Clay",8,4,NA,11,5,NA
"399","IL","Coles",5,8,3,23,4,NA
"400","IL","Cook",219,276,219,477,340,8
"401","IL","Crawford",20,25,2,29,5,NA
"402","IL","DeKalb",12,2,4,54,34,NA
"403","IL","Douglas",20,28,24,24,25,NA
"404","IL","DuPage",35,40,36,49,41,NA
"405","IL","Effingham",12,2,2,11,10,NA
"406","IL","Fayette",3,6,1,8,1,NA
"407","IL","Franklin",6,10,2,26,4,NA
"408","IL","Fulton",10,36,12,58,21,NA
"409","IL","Greene",13,13,13,13,13,NA
"410","IL","Grundy",43,1,3,42,1,NA
"411","IL","Hancock",5,3,3,9,4,NA
"412","IL","Henry",3,2,NA,18,3,NA
"413","IL","Iroquois",5,6,4,6,2,NA
"414","IL","Jackson",1,1,1,1,1,NA
"415","IL","Jefferson",3,3,3,3,5,NA
"416","IL","Jersey",3,5,1,21,7,NA
"417","IL","Kane",44,19,3,89,20,1
"418","IL","Kankakee",23,23,15,25,21,NA
"419","IL","Lake",46,57,52,182,102,NA
"420","IL","LaSalle",5,7,7,9,7,NA
"421","IL","Lawrence",15,34,16,40,34,NA
"422","IL","Livingston",3,9,2,18,2,NA
"423","IL","Logan",15,24,10,15,17,NA
"424","IL","Macon",19,6,1,31,20,NA
"425","IL","Macoupin",10,9,1,15,9,NA
"426","IL","Madison",24,26,34,75,42,NA
"427","IL","Marion",6,3,3,6,5,NA
"428","IL","Marshall",1,NA,NA,2,NA,NA
"429","IL","McDonough",30,14,10,46,31,NA
"430","IL","McHenry",2,4,4,10,24,NA
"431","IL","McLean",33,10,9,50,24,NA
"432","IL","Menard",3,7,NA,1,7,NA
"433","IL","Mercer",15,17,17,18,14,NA
"434","IL","Monroe",9,7,4,9,9,NA
"435","IL","Montgomery",24,13,12,40,24,NA
"436","IL","Morgan",23,21,23,25,24,NA
"437","IL","Moultrie",3,5,3,32,24,NA
"438","IL","Ogle",4,6,3,32,9,NA
"439","IL","Peoria",10,11,8,72,10,NA
"440","IL","Pike",2,NA,NA,1,1,NA
"441","IL","Randolph",12,NA,2,15,12,NA
"442","IL","Richland",1,NA,NA,3,1,NA
"443","IL","Rock Island",17,2,3,33,13,NA
"444","IL","Saline",1,1,1,2,2,NA
"445","IL","Sangamon",30,20,9,29,32,NA
"446","IL","Shelby",30,10,2,40,4,NA
"447","IL","St. Clair",23,31,14,85,19,1
"448","IL","Stephenson",1,NA,NA,NA,1,NA
"449","IL","Tazewell",10,8,8,30,5,NA
"450","IL","Union",3,4,4,6,5,NA
"451","IL","Vermilion",2,9,1,30,5,NA
"452","IL","Wabash",3,2,2,2,2,NA
"453","IL","Warren",42,16,1,22,13,NA
"454","IL","White",23,NA,NA,29,17,NA
"455","IL","Will",7,5,9,27,21,NA
"456","IL","Williamson",8,7,3,17,3,NA
"457","IL","Winnebago",8,16,6,81,12,NA
"458","IL","Woodford",22,17,18,63,25,NA
"459","IN","Adams",38,38,38,58,10,NA
"460","IN","Allen",86,37,51,88,81,NA
"461","IN","Bartholomew",22,2,1,26,17,NA
"462","IN","Blackford",22,NA,NA,24,24,NA
"463","IN","Cass",16,1,17,19,18,NA
"464","IN","Clay",1,7,1,3,1,NA
"465","IN","Clinton",1,1,NA,6,3,NA
"466","IN","Daviess",36,16,2,58,26,NA
"467","IN","Decatur",6,9,NA,20,NA,NA
"468","IN","DeKalb",28,23,23,43,48,NA
"469","IN","Delaware",14,1,1,15,7,NA
"470","IN","Dubois",7,22,8,52,16,NA
"471","IN","Elkhart",31,34,30,54,35,NA
"472","IN","Floyd",1,4,1,15,2,NA
"473","IN","Grant",3,1,2,40,2,NA
"474","IN","Hamilton",1,NA,NA,47,NA,NA
"475","IN","Hendricks",16,24,17,29,17,NA
"476","IN","Henry",19,6,1,26,3,NA
"477","IN","Howard",1,7,NA,23,1,NA
"478","IN","Huntington",39,39,39,51,39,NA
"479","IN","Jackson",15,1,1,21,16,NA
"480","IN","Jasper",6,6,6,6,8,NA
"481","IN","Jay",14,NA,NA,11,11,NA
"482","IN","Jefferson",1,NA,NA,NA,NA,NA
"483","IN","Jennings",2,8,3,13,4,NA
"484","IN","Johnson",1,1,1,27,NA,1
"485","IN","Knox",14,23,25,5,27,NA
"486","IN","Kosciusko",67,7,8,76,75,NA
"487","IN","LaGrange",39,26,19,42,41,NA
"488","IN","Lake",43,42,24,75,81,NA
"489","IN","LaPorte",41,NA,NA,44,52,NA
"490","IN","Madison",34,7,3,63,36,NA
"491","IN","Marion",90,67,71,152,92,2
"492","IN","Marshall",51,1,NA,59,56,NA
"493","IN","Martin",5,NA,2,1,NA,NA
"494","IN","Miami",7,11,5,7,12,NA
"495","IN","Montgomery",1,1,1,1,1,NA
"496","IN","Morgan",10,15,NA,23,18,NA
"497","IN","Ohio",1,1,1,1,1,NA
"498","IN","Porter",31,30,30,29,29,NA
"499","IN","Pulaski",2,5,2,16,2,NA
"500","IN","Putnam",7,16,1,16,NA,NA
"501","IN","Ripley",4,NA,10,23,1,NA
"502","IN","Rush",5,NA,NA,5,4,NA
"503","IN","Scott",3,3,3,3,3,NA
"504","IN","Shelby",16,4,NA,18,NA,NA
"505","IN","Spencer",43,18,2,40,46,NA
"506","IN","St. Joseph",78,21,12,110,39,NA
"507","IN","Steuben",1,6,NA,5,NA,NA
"508","IN","Sullivan",23,2,6,24,22,NA
"509","IN","Tippecanoe",2,2,2,5,2,NA
"510","IN","Tipton",5,NA,NA,5,5,NA
"511","IN","Vanderburgh",9,1,1,67,1,NA
"512","IN","Vigo",19,5,2,35,22,NA
"513","IN","Wabash",6,2,3,47,41,NA
"514","IN","Warrick",3,2,2,15,2,NA
"515","IN","Wells",1,1,1,1,1,NA
"516","IN","Whitley",71,10,8,67,65,NA
"517","KS","Allen",2,3,NA,25,34,NA
"518","KS","Anderson",1,1,1,1,1,NA
"519","KS","Atchison",8,7,2,9,9,NA
"520","KS","Barton",33,34,33,40,38,NA
"521","KS","Bourbon",1,NA,NA,9,7,NA
"522","KS","Brown",11,NA,NA,1,NA,NA
"523","KS","Butler",18,1,2,17,25,NA
"524","KS","Chase",12,7,7,11,9,NA
"525","KS","Chautauqua",1,NA,NA,3,4,NA
"526","KS","Cherokee",1,1,1,21,21,NA
"527","KS","Cheyenne",17,8,16,17,10,NA
"528","KS","Clay",8,4,4,18,16,NA
"529","KS","Cloud",20,3,3,15,7,NA
"530","KS","Coffey",27,4,NA,38,6,NA
"531","KS","Comanche",2,1,2,8,NA,NA
"532","KS","Cowley",14,1,2,27,19,NA
"533","KS","Crawford",29,20,28,66,61,NA
"534","KS","Dickinson",23,11,8,31,15,NA
"535","KS","Doniphan",3,NA,1,9,NA,NA
"536","KS","Douglas",2,3,8,28,14,NA
"537","KS","Ellis",1,1,1,1,1,NA
"538","KS","Ellsworth",2,8,1,22,8,NA
"539","KS","Finney",1,1,1,1,1,NA
"540","KS","Franklin",5,NA,NA,8,NA,NA
"541","KS","Geary",1,1,1,1,NA,NA
"542","KS","Grant",1,1,1,16,NA,NA
"543","KS","Harper",11,12,1,7,NA,NA
"544","KS","Harvey",2,15,1,39,3,NA
"545","KS","Jefferson",13,15,13,16,13,NA
"546","KS","Johnson",76,40,45,162,67,NA
"547","KS","Kearny",3,3,3,3,3,NA
"548","KS","Kingman",6,8,9,11,12,NA
"549","KS","Kiowa",18,18,18,24,18,NA
"550","KS","Labette",31,32,29,58,33,NA
"551","KS","Leavenworth",13,29,11,21,19,NA
"552","KS","Lyon",2,12,7,20,5,NA
"553","KS","Marion",36,50,44,51,40,NA
"554","KS","Marshall",2,NA,NA,7,NA,NA
"555","KS","McPherson",39,36,36,59,37,NA
"556","KS","Meade",41,39,40,32,16,NA
"557","KS","Miami",6,4,4,20,12,NA
"558","KS","Mitchell",2,2,2,2,2,NA
"559","KS","Montgomery",10,5,7,38,18,NA
"560","KS","Morton",16,NA,1,20,3,NA
"561","KS","Nemaha",11,4,2,21,12,NA
"562","KS","Neosho",7,4,2,5,2,NA
"563","KS","Norton",6,NA,NA,1,2,NA
"564","KS","Osborne",12,NA,NA,15,11,NA
"565","KS","Phillips",3,1,NA,29,NA,NA
"566","KS","Pottawatomie",12,13,14,35,22,NA
"567","KS","Pratt",10,14,10,14,13,NA
"568","KS","Rawlins",1,4,1,1,2,NA
"569","KS","Reno",20,14,16,41,18,NA
"570","KS","Rice",1,1,NA,10,NA,NA
"571","KS","Sedgwick",117,115,90,241,144,NA
"572","KS","Shawnee",56,50,54,85,67,NA
"573","KS","Sheridan",1,1,1,1,1,NA
"574","KS","Sherman",3,3,3,3,3,NA
"575","KS","Smith",43,42,42,42,44,NA
"576","KS","Stafford",1,1,1,1,1,NA
"577","KS","Stanton",1,NA,NA,NA,NA,NA
"578","KS","Stevens",1,1,1,1,1,NA
"579","KS","Sumner",50,3,2,55,54,NA
"580","KS","Thomas",7,9,10,10,12,NA
"581","KS","Wabaunsee",2,1,1,1,1,NA
"582","KS","Washington",8,4,3,7,7,NA
"583","KS","Wilson",20,20,20,20,20,NA
"584","KS","Wyandotte",36,16,10,50,39,NA
"585","KY","Barren",8,9,6,14,6,NA
"586","KY","Boone",20,9,3,24,20,NA
"587","KY","Bourbon",2,NA,1,NA,NA,NA
"588","KY","Boyle",3,3,1,12,4,NA
"589","KY","Bracken",1,NA,NA,3,NA,NA
"590","KY","Breathitt",25,25,26,34,25,NA
"591","KY","Calloway",3,1,NA,18,3,NA
"592","KY","Campbell",3,20,4,4,6,NA
"593","KY","Carlisle",1,2,1,6,1,NA
"594","KY","Christian",2,NA,NA,1,1,NA
"595","KY","Cumberland",1,1,1,1,1,NA
"596","KY","Daviess",21,1,1,22,21,NA
"597","KY","Edmonson",20,NA,NA,21,20,NA
"598","KY","Estill",1,1,1,1,1,NA
"599","KY","Fayette",21,23,14,38,21,NA
"600","KY","Fleming",1,NA,NA,NA,NA,NA
"601","KY","Floyd",5,4,3,3,3,NA
"602","KY","Franklin",21,1,NA,26,20,NA
"603","KY","Garrard",1,1,1,1,1,NA
"604","KY","Grant",20,1,NA,24,20,NA
"605","KY","Graves",1,1,1,15,1,NA
"606","KY","Grayson",1,NA,NA,14,NA,NA
"607","KY","Greenup",2,2,2,3,2,NA
"608","KY","Hancock",20,1,1,25,20,NA
"609","KY","Hardin",21,1,1,24,21,NA
"610","KY","Hopkins",24,3,3,28,23,NA
"611","KY","Jefferson",149,47,16,350,147,NA
"612","KY","Johnson",4,NA,NA,1,NA,NA
"613","KY","Kenton",1,9,NA,44,NA,NA
"614","KY","Larue",1,1,1,NA,1,NA
"615","KY","Laurel",12,NA,1,12,12,NA
"616","KY","Madison",1,1,1,4,17,NA
"617","KY","Marion",1,1,1,1,1,NA
"618","KY","Marshall",1,1,2,20,1,NA
"619","KY","Meade",2,2,2,2,3,NA
"620","KY","Mercer",2,2,2,2,2,NA
"621","KY","Monroe",2,2,2,2,3,NA
"622","KY","Ohio",4,NA,NA,NA,24,NA
"623","KY","Oldham",1,1,1,1,1,NA
"624","KY","Owen",20,NA,NA,24,20,NA
"625","KY","Owsley",24,2,NA,NA,NA,NA
"626","KY","Perry",4,2,3,3,9,NA
"627","KY","Pike",2,5,2,3,3,NA
"628","KY","Powell",1,1,1,1,1,NA
"629","KY","Pulaski",1,NA,NA,17,8,NA
"630","KY","Shelby",20,NA,NA,28,20,NA
"631","KY","Taylor",33,32,33,52,37,NA
"632","KY","Warren",60,2,NA,76,60,NA
"633","KY","Washington",18,4,NA,23,17,NA
"634","KY","Wayne",1,1,1,1,1,NA
"635","KY","Whitley",3,2,2,17,3,NA
"636","LA","Ascension",8,14,15,20,23,NA
"637","LA","Avoyelles",5,4,4,40,7,NA
"638","LA","Bienville",6,21,6,64,6,NA
"639","LA","Bossier",2,NA,2,NA,12,NA
"640","LA","Caddo",15,15,16,49,24,NA
"641","LA","Calcasieu",57,54,54,64,52,NA
"642","LA","Caldwell",2,2,3,3,2,NA
"643","LA","Concordia",2,4,2,15,2,NA
"644","LA","De Soto",1,1,1,5,1,NA
"645","LA","East Baton Rouge",7,18,12,29,12,NA
"646","LA","East Carroll",2,1,1,1,1,NA
"647","LA","East Feliciana",9,6,NA,22,NA,NA
"648","LA","Grant",1,3,4,2,3,NA
"649","LA","Iberia",6,6,6,41,6,NA
"650","LA","Iberville",1,3,NA,29,1,1
"651","LA","Jackson",3,3,3,12,3,NA
"652","LA","Jefferson",7,4,6,74,11,NA
"653","LA","Lafayette",4,14,4,28,18,NA
"654","LA","Lafourche",3,1,3,63,7,NA
"655","LA","LaSalle",9,9,9,23,9,9
"656","LA","Morehouse",10,3,4,45,8,NA
"657","LA","Ouachita",7,1,3,13,2,NA
"658","LA","Rapides",2,6,2,43,5,NA
"659","LA","Red River",3,2,2,2,2,NA
"660","LA","Sabine",3,3,3,8,3,NA
"661","LA","St. Charles",2,9,16,33,1,NA
"662","LA","St. John the Baptist",3,3,3,31,3,NA
"663","LA","St. Martin",2,2,2,2,2,NA
"664","LA","St. Tammany",1,3,2,3,2,NA
"665","LA","Tangipahoa",1,1,NA,NA,NA,NA
"666","LA","Terrebonne",3,2,3,20,2,NA
"667","LA","Union",10,7,6,48,11,NA
"668","LA","Vermilion",2,1,1,79,2,NA
"669","LA","Vernon",1,1,1,1,1,NA
"670","LA","Webster",1,NA,1,3,1,NA
"671","LA","Winn",13,4,3,12,8,NA
"672","MA","Bristol",54,4,15,94,62,NA
"673","MA","Essex",163,12,32,217,163,NA
"674","MA","Franklin",4,NA,NA,4,4,NA
"675","MA","Hampden",144,20,21,180,144,NA
"676","MA","Hampshire",22,1,1,30,21,NA
"677","MA","Middlesex",199,68,61,290,197,10
"678","MA","Norfolk",40,5,6,68,39,NA
"679","MA","Plymouth",82,5,20,108,80,NA
"680","MA","Suffolk",21,2,1,50,34,1
"681","MA","Worcester",147,81,80,228,150,1
"682","MD","Allegany",56,44,89,21,21,NA
"683","MD","Anne Arundel",118,68,48,136,124,NA
"684","MD","Baltimore",355,182,314,369,361,NA
"685","MD","Baltimore City",110,83,115,105,152,NA
"686","MD","Calvert",6,6,7,12,10,NA
"687","MD","Caroline",14,13,2,14,25,NA
"688","MD","Carroll",67,45,70,68,66,NA
"689","MD","Cecil",24,46,53,26,52,NA
"690","MD","Charles",46,6,6,48,46,NA
"691","MD","Dorchester",16,NA,NA,16,16,NA
"692","MD","Frederick",54,15,30,72,56,NA
"693","MD","Garrett",12,12,12,12,14,NA
"694","MD","Harford",42,20,28,32,42,NA
"695","MD","Howard",51,60,51,36,80,NA
"696","MD","Kent",6,8,6,6,8,NA
"697","MD","Montgomery",156,152,217,129,180,NA
"698","MD","Prince George's",103,78,98,145,137,NA
"699","MD","Queen Anne's",20,NA,NA,28,20,NA
"700","MD","Somerset",14,11,11,24,25,NA
"701","MD","St. Mary's",1,1,1,1,1,NA
"702","MD","Talbot",10,6,9,11,11,NA
"703","MD","Washington",15,15,49,19,37,NA
"704","MD","Wicomico",26,8,6,34,35,NA
"705","MD","Worcester",9,9,13,9,9,NA
"706","ME","Androscoggin",43,3,5,62,47,NA
"707","ME","Aroostook",34,32,6,108,45,NA
"708","ME","Cumberland",168,54,66,297,199,NA
"709","ME","Franklin",35,18,11,82,38,NA
"710","ME","Hancock",35,24,8,43,26,NA
"711","ME","Kennebec",36,3,31,102,27,NA
"712","ME","Knox",21,1,1,23,21,NA
"713","ME","Lincoln",6,3,2,48,8,NA
"714","ME","Oxford",24,1,NA,64,7,NA
"715","ME","Penobscot",201,NA,4,59,140,NA
"716","ME","Piscataquis",18,NA,NA,13,18,NA
"717","ME","Somerset",66,25,1,115,112,NA
"718","ME","Waldo",36,27,28,59,50,NA
"719","ME","Washington",7,NA,1,29,9,NA
"720","ME","York",80,36,39,148,119,NA
"721","MI","Alcona",14,20,20,NA,13,NA
"722","MI","Alger",13,NA,20,17,17,NA
"723","MI","Allegan",6,6,6,13,6,NA
"724","MI","Alpena",26,26,26,43,42,NA
"725","MI","Arenac",1,1,1,2,2,NA
"726","MI","Baraga",1,NA,NA,NA,NA,NA
"727","MI","Barry",26,1,6,5,10,NA
"728","MI","Bay",16,18,14,14,14,NA
"729","MI","Berrien",11,16,18,35,8,NA
"730","MI","Calhoun",2,3,2,1,2,NA
"731","MI","Cass",7,6,NA,9,10,NA
"732","MI","Cheboygan",1,1,1,19,19,NA
"733","MI","Chippewa",19,19,19,19,20,NA
"734","MI","Clinton",2,NA,NA,18,1,NA
"735","MI","Crawford",1,1,1,8,1,NA
"736","MI","Dickinson",28,NA,2,28,26,NA
"737","MI","Emmet",49,NA,2,51,17,NA
"738","MI","Genesee",34,16,30,104,50,2
"739","MI","Grand Traverse",3,5,7,5,5,NA
"740","MI","Gratiot",20,NA,1,39,NA,12
"741","MI","Hillsdale",1,NA,NA,NA,NA,NA
"742","MI","Ingham",34,28,55,45,31,20
"743","MI","Iosco",5,3,3,45,3,NA
"744","MI","Isabella",28,26,26,34,26,NA
"745","MI","Kalamazoo",17,27,6,29,14,NA
"746","MI","Kent",1,3,NA,63,42,NA
"747","MI","Leelanau",2,2,2,2,2,NA
"748","MI","Lenawee",4,NA,5,11,10,1
"749","MI","Livingston",4,4,4,6,4,NA
"750","MI","Macomb",106,88,116,198,122,NA
"751","MI","Marquette",4,NA,NA,4,4,NA
"752","MI","Mason",1,3,1,17,17,NA
"753","MI","Menominee",22,2,1,15,2,NA
"754","MI","Monroe",18,3,2,43,16,NA
"755","MI","Montmorency",1,1,1,20,21,NA
"756","MI","Muskegon",1,NA,1,8,1,NA
"757","MI","Oakland",126,56,79,268,174,25
"758","MI","Ogemaw",19,NA,NA,26,NA,NA
"759","MI","Osceola",1,1,1,1,1,NA
"760","MI","Otsego",18,23,19,35,20,1
"761","MI","Ottawa",26,1,NA,63,44,NA
"762","MI","Saginaw",9,29,7,24,7,6
"763","MI","Sanilac",1,NA,NA,45,7,NA
"764","MI","St. Clair",22,22,20,58,24,NA
"765","MI","St. Joseph",12,1,1,18,1,NA
"766","MI","Van Buren",7,6,NA,1,1,NA
"767","MI","Washtenaw",36,4,3,64,37,NA
"768","MI","Wayne",247,143,169,460,274,4
"769","MI","Wexford",3,NA,NA,5,NA,NA
"770","MN","Aitkin",4,6,4,16,14,NA
"771","MN","Anoka",3,10,15,35,24,NA
"772","MN","Becker",72,40,43,93,79,1
"773","MN","Beltrami",1,2,4,1,1,NA
"774","MN","Benton",18,17,11,22,20,NA
"775","MN","Blue Earth",13,3,3,11,41,NA
"776","MN","Brown",8,4,NA,6,NA,NA
"777","MN","Carlton",1,1,1,1,1,NA
"778","MN","Cass",2,3,1,10,1,NA
"779","MN","Chippewa",2,16,2,22,2,NA
"780","MN","Chisago",31,12,18,101,50,NA
"781","MN","Clay",2,2,2,21,4,NA
"782","MN","Crow Wing",5,20,2,9,13,NA
"783","MN","Dakota",13,26,10,14,8,NA
"784","MN","Dodge",1,1,1,9,1,NA
"785","MN","Douglas",3,16,1,26,2,NA
"786","MN","Fillmore",1,1,1,14,4,NA
"787","MN","Freeborn",2,1,2,2,5,NA
"788","MN","Goodhue",52,49,51,68,50,NA
"789","MN","Grant",1,1,NA,1,1,NA
"790","MN","Hennepin",159,170,151,542,325,NA
"791","MN","Houston",11,12,10,14,14,NA
"792","MN","Hubbard",26,27,26,38,26,NA
"793","MN","Itasca",30,24,11,26,38,18
"794","MN","Jackson",1,5,NA,7,2,NA
"795","MN","Kanabec",1,1,1,1,1,NA
"796","MN","Kittson",1,NA,NA,NA,NA,NA
"797","MN","Koochiching",1,2,1,1,1,NA
"798","MN","Le Sueur",2,2,2,3,3,NA
"799","MN","Lyon",22,22,22,22,22,NA
"800","MN","Martin",2,NA,NA,37,NA,NA
"801","MN","McLeod",17,9,25,45,30,NA
"802","MN","Mille Lacs",4,17,NA,2,NA,NA
"803","MN","Morrison",1,41,8,4,49,NA
"804","MN","Mower",7,6,10,9,46,NA
"805","MN","Murray",7,4,NA,6,4,NA
"806","MN","Norman",7,1,1,20,1,NA
"807","MN","Olmsted",16,13,23,24,41,NA
"808","MN","Otter Tail",6,9,6,6,6,NA
"809","MN","Pennington",1,NA,1,NA,NA,NA
"810","MN","Pipestone",2,1,1,9,1,NA
"811","MN","Polk",5,5,5,9,16,NA
"812","MN","Ramsey",114,152,183,371,200,1
"813","MN","Redwood",5,9,NA,29,7,NA
"814","MN","Renville",4,7,3,8,2,NA
"815","MN","Rice",16,16,16,23,19,6
"816","MN","Scott",10,NA,20,15,23,NA
"817","MN","Sibley",11,13,3,2,31,NA
"818","MN","St. Louis",45,42,27,96,63,NA
"819","MN","Stearns",9,13,13,14,15,NA
"820","MN","Swift",1,1,1,1,1,2
"821","MN","Todd",1,1,1,1,1,NA
"822","MN","Wabasha",3,3,3,3,3,NA
"823","MN","Wadena",1,1,NA,4,NA,NA
"824","MN","Washington",84,53,47,185,135,NA
"825","MN","Winona",6,6,2,7,6,NA
"826","MN","Wright",2,5,2,10,3,NA
"827","MN","Yellow Medicine",1,1,2,1,1,NA
"828","MO","Adair",9,14,NA,44,41,NA
"829","MO","Andrew",7,NA,4,7,7,NA
"830","MO","Barry",4,4,6,6,8,NA
"831","MO","Benton",1,1,1,32,16,NA
"832","MO","Boone",11,7,6,23,18,NA
"833","MO","Buchanan",11,3,7,13,11,NA
"834","MO","Callaway",3,16,6,6,4,NA
"835","MO","Camden",3,2,1,34,1,NA
"836","MO","Cape Girardeau",1,1,2,2,3,NA
"837","MO","Cass",5,2,1,10,3,NA
"838","MO","Chariton",2,7,3,10,6,NA
"839","MO","Clay",2,12,1,7,2,NA
"840","MO","Clinton",1,1,1,4,2,NA
"841","MO","Cole",14,6,5,28,28,NA
"842","MO","Cooper",7,NA,3,7,7,NA
"843","MO","Crawford",10,18,4,12,9,NA
"844","MO","Dade",5,NA,NA,13,NA,NA
"845","MO","Daviess",12,8,NA,9,13,NA
"846","MO","Dent",1,4,1,1,1,NA
"847","MO","Dunklin",2,5,3,2,4,NA
"848","MO","Franklin",5,4,5,9,6,NA
"849","MO","Greene",18,15,10,53,33,NA
"850","MO","Holt",2,2,2,2,2,NA
"851","MO","Howell",3,1,2,19,1,NA
"852","MO","Iron",1,2,2,3,2,NA
"853","MO","Jackson",103,101,86,225,107,1
"854","MO","Jasper",31,1,3,96,28,NA
"855","MO","Jefferson",2,3,2,4,2,NA
"856","MO","Johnson",10,2,9,9,10,NA
"857","MO","Laclede",19,11,30,40,38,NA
"858","MO","Lafayette",1,1,1,1,1,NA
"859","MO","Lawrence",1,1,6,1,1,NA
"860","MO","Lincoln",19,34,41,41,21,NA
"861","MO","Livingston",1,NA,NA,NA,1,NA
"862","MO","Maries",1,1,1,37,1,NA
"863","MO","Mercer",1,23,27,5,1,NA
"864","MO","Miller",2,3,5,3,2,NA
"865","MO","Mississippi",2,27,NA,12,7,NA
"866","MO","Monroe",2,1,1,8,2,NA
"867","MO","Morgan",3,3,3,17,3,NA
"868","MO","New Madrid",5,2,2,29,4,NA
"869","MO","Newton",7,6,4,29,27,NA
"870","MO","Nodaway",7,NA,5,7,7,NA
"871","MO","Oregon",1,NA,NA,NA,NA,NA
"872","MO","Osage",9,9,9,9,9,NA
"873","MO","Pemiscot",3,8,7,4,7,NA
"874","MO","Pettis",7,3,2,5,5,NA
"875","MO","Phelps",7,4,2,27,9,NA
"876","MO","Pike",3,4,2,3,1,NA
"877","MO","Platte",11,11,12,12,11,NA
"878","MO","Polk",1,NA,NA,3,1,NA
"879","MO","Ralls",1,NA,1,1,NA,NA
"880","MO","Randolph",39,8,7,40,13,NA
"881","MO","Ray",2,NA,NA,6,NA,NA
"882","MO","Ripley",1,NA,NA,3,NA,NA
"883","MO","Schuyler",1,1,1,1,1,NA
"884","MO","Shelby",4,1,NA,17,NA,NA
"885","MO","St. Charles",14,6,17,24,25,NA
"886","MO","St. Francois",1,2,1,8,NA,NA
"887","MO","St. Louis",68,49,45,191,88,NA
"888","MO","St. Louis City",2,NA,NA,54,12,NA
"889","MO","Stoddard",2,6,2,3,2,NA
"890","MO","Taney",1,1,1,10,1,NA
"891","MO","Texas",1,NA,1,NA,1,NA
"892","MO","Vernon",8,7,1,50,22,NA
"893","MS","Adams",42,46,41,41,41,NA
"894","MS","Amite",2,2,2,6,3,NA
"895","MS","Attala",1,1,1,1,1,NA
"896","MS","Bolivar",46,43,22,56,42,NA
"897","MS","Carroll",2,2,3,3,3,NA
"898","MS","Choctaw",1,1,1,2,3,NA
"899","MS","Claiborne",11,9,9,10,9,NA
"900","MS","Covington",4,6,4,4,4,NA
"901","MS","Harrison",16,6,4,50,28,NA
"902","MS","Hinds",62,80,62,125,61,NA
"903","MS","Itawamba",1,3,NA,3,3,NA
"904","MS","Jackson",84,65,64,86,81,NA
"905","MS","Jefferson",2,2,3,2,2,NA
"906","MS","Jones",44,73,37,44,42,NA
"907","MS","Lauderdale",4,11,5,3,4,NA
"908","MS","Lawrence",1,NA,NA,NA,NA,NA
"909","MS","Lee",5,4,4,18,3,NA
"910","MS","Lincoln",8,10,11,11,7,NA
"911","MS","Lowndes",20,21,19,72,25,NA
"912","MS","Madison",1,6,2,5,1,NA
"913","MS","Monroe",3,1,2,15,1,NA
"914","MS","Oktibbeha",1,1,1,16,1,NA
"915","MS","Panola",8,32,7,11,9,NA
"916","MS","Pearl River",3,3,3,3,3,NA
"917","MS","Pike",2,2,2,2,2,NA
"918","MS","Pontotoc",1,NA,NA,NA,NA,NA
"919","MS","Prentiss",2,1,2,7,6,NA
"920","MS","Rankin",181,10,171,212,38,3
"921","MS","Simpson",3,8,4,7,4,NA
"922","MS","Stone",1,5,3,9,8,NA
"923","MS","Tippah",1,1,NA,NA,NA,NA
"924","MS","Tishomingo",2,NA,NA,6,2,NA
"925","MS","Warren",2,9,5,10,2,NA
"926","MS","Wayne",42,42,42,42,42,NA
"927","MS","Yalobusha",1,1,1,1,1,NA
"928","MT","Beaverhead",3,NA,NA,9,1,NA
"929","MT","Carbon",1,1,NA,1,1,NA
"930","MT","Cascade",2,2,2,2,2,NA
"931","MT","Custer",2,9,1,14,5,NA
"932","MT","Dawson",22,1,1,42,22,NA
"933","MT","Fergus",10,1,1,29,10,NA
"934","MT","Flathead",24,10,2,31,10,NA
"935","MT","Gallatin",8,4,NA,10,9,NA
"936","MT","Glacier",23,17,26,27,15,NA
"937","MT","Lake",24,32,11,43,18,NA
"938","MT","Lewis and Clark",1,7,NA,21,18,NA
"939","MT","Missoula",17,1,1,20,17,NA
"940","MT","Park",10,1,1,13,18,NA
"941","MT","Phillips",1,NA,1,NA,NA,NA
"942","MT","Ravalli",9,3,1,17,4,NA
"943","MT","Roosevelt",1,1,3,1,1,NA
"944","MT","Sanders",1,1,1,1,1,NA
"945","MT","Sheridan",1,NA,NA,NA,NA,NA
"946","MT","Silver Bow",4,2,1,9,7,NA
"947","MT","Yellowstone",65,10,8,69,64,NA
"948","NC","Alamance",12,1,NA,64,29,NA
"949","NC","Alexander",15,3,6,25,16,NA
"950","NC","Alleghany",20,NA,NA,21,20,NA
"951","NC","Bertie",17,4,4,32,30,NA
"952","NC","Bladen",17,6,6,27,28,NA
"953","NC","Brunswick",15,2,1,38,27,NA
"954","NC","Buncombe",23,8,9,112,40,NA
"955","NC","Burke",42,57,35,54,46,NA
"956","NC","Cabarrus",9,3,25,16,4,NA
"957","NC","Caldwell",9,9,10,22,7,NA
"958","NC","Carteret",41,42,42,46,41,NA
"959","NC","Caswell",3,3,3,3,3,NA
"960","NC","Catawba",39,6,6,65,10,NA
"961","NC","Chatham",20,NA,1,35,20,NA
"962","NC","Chowan",1,1,1,5,1,NA
"963","NC","Clay",3,1,3,31,1,NA
"964","NC","Cleveland",10,3,1,65,1,NA
"965","NC","Columbus",27,9,12,54,53,NA
"966","NC","Cumberland",68,47,47,129,110,NA
"967","NC","Davidson",29,32,33,86,41,NA
"968","NC","Davie",15,7,5,59,28,NA
"969","NC","Duplin",7,7,7,7,7,NA
"970","NC","Durham",24,7,8,51,46,NA
"971","NC","Edgecombe",4,3,3,7,4,NA
"972","NC","Forsyth",40,9,4,156,76,NA
"973","NC","Franklin",16,8,7,39,28,NA
"974","NC","Gaston",61,25,22,91,73,NA
"975","NC","Gates",2,1,1,2,1,NA
"976","NC","Greene",1,1,1,6,1,NA
"977","NC","Guilford",48,24,25,121,66,NA
"978","NC","Halifax",14,8,8,29,28,NA
"979","NC","Harnett",2,2,2,13,2,NA
"980","NC","Haywood",6,3,3,17,5,NA
"981","NC","Henderson",8,8,7,20,8,NA
"982","NC","Hyde",15,4,NA,29,28,NA
"983","NC","Iredell",8,9,10,10,15,NA
"984","NC","Johnston",16,4,5,47,30,NA
"985","NC","Lee",28,10,9,63,55,NA
"986","NC","Lenoir",2,3,6,5,3,NA
"987","NC","Lincoln",3,3,3,3,3,NA
"988","NC","McDowell",1,NA,NA,13,17,NA
"989","NC","Mecklenburg",76,38,29,260,84,NA
"990","NC","Mitchell",3,3,3,3,3,NA
"991","NC","Moore",31,8,11,76,56,NA
"992","NC","Nash",1,1,1,19,2,NA
"993","NC","New Hanover",47,27,17,80,69,NA
"994","NC","Northampton",1,1,1,15,1,NA
"995","NC","Orange",1,1,1,18,1,NA
"996","NC","Pasquotank",2,12,1,1,NA,NA
"997","NC","Pender",42,41,42,47,42,NA
"998","NC","Perquimans",3,3,3,3,3,NA
"999","NC","Person",15,4,3,28,25,NA
"1000","NC","Pitt",3,3,3,7,3,NA
"1001","NC","Randolph",23,4,4,59,23,NA
"1002","NC","Richmond",2,NA,NA,5,NA,NA
"1003","NC","Robeson",78,67,64,90,72,NA
"1004","NC","Rockingham",3,4,3,23,3,NA
"1005","NC","Rowan",81,29,40,131,84,NA
"1006","NC","Rutherford",2,1,1,25,NA,NA
"1007","NC","Sampson",25,4,NA,56,54,NA
"1008","NC","Scotland",42,42,42,42,42,NA
"1009","NC","Surry",3,8,3,28,20,NA
"1010","NC","Union",8,6,6,56,25,NA
"1011","NC","Vance",1,1,1,14,2,NA
"1012","NC","Wake",21,13,8,106,41,NA
"1013","NC","Warren",14,1,NA,29,28,NA
"1014","NC","Watauga",13,1,NA,36,28,NA
"1015","NC","Wayne",23,5,4,44,24,NA
"1016","NC","Wilkes",3,1,1,4,1,NA
"1017","NC","Wilson",4,4,4,8,4,NA
"1018","NC","Yadkin",15,3,5,28,27,NA
"1019","ND","Cass",43,43,44,43,43,NA
"1020","ND","Dickey",3,3,2,2,9,NA
"1021","ND","Dunn",1,NA,NA,17,NA,NA
"1022","ND","Emmons",1,NA,NA,NA,NA,NA
"1023","ND","Foster",6,8,10,7,7,NA
"1024","ND","Grand Forks",1,5,1,1,1,NA
"1025","ND","Griggs",2,NA,NA,1,2,NA
"1026","ND","Hettinger",21,13,13,29,13,NA
"1027","ND","McHenry",1,1,1,1,1,NA
"1028","ND","McIntosh",1,5,1,1,2,NA
"1029","ND","Morton",10,3,8,13,13,NA
"1030","ND","Nelson",14,2,1,16,1,NA
"1031","ND","Renville",1,1,1,3,1,NA
"1032","ND","Richland",25,NA,NA,25,25,NA
"1033","ND","Stark",3,6,2,6,5,NA
"1034","ND","Stutsman",2,NA,NA,1,1,NA
"1035","ND","Towner",12,5,2,23,23,NA
"1036","ND","Traill",2,1,1,1,1,NA
"1037","ND","Walsh",1,1,3,5,37,NA
"1038","ND","Ward",33,5,3,45,26,NA
"1039","ND","Wells",5,1,1,1,6,NA
"1040","NE","Antelope",1,1,1,1,1,NA
"1041","NE","Boone",7,17,1,51,19,NA
"1042","NE","Box Butte",1,6,2,9,3,NA
"1043","NE","Boyd",1,NA,NA,7,NA,NA
"1044","NE","Buffalo",2,2,4,41,2,NA
"1045","NE","Butler",7,17,1,11,1,NA
"1046","NE","Cass",1,2,NA,NA,NA,NA
"1047","NE","Cedar",6,13,2,7,7,NA
"1048","NE","Chase",1,13,2,4,1,NA
"1049","NE","Cherry",27,26,25,26,26,NA
"1050","NE","Cheyenne",1,2,1,33,33,NA
"1051","NE","Clay",8,NA,1,8,NA,NA
"1052","NE","Cuming",8,16,7,12,10,NA
"1053","NE","Custer",10,7,NA,10,14,NA
"1054","NE","Dakota",4,3,NA,10,NA,NA
"1055","NE","Dawes",2,8,2,24,7,NA
"1056","NE","Dawson",3,8,NA,9,7,NA
"1057","NE","Dixon",3,4,4,6,6,NA
"1058","NE","Dodge",5,46,2,32,2,NA
"1059","NE","Douglas",24,19,9,131,23,1
"1060","NE","Dundy",3,3,3,3,3,NA
"1061","NE","Furnas",1,1,NA,5,NA,NA
"1062","NE","Gage",1,9,4,22,1,NA
"1063","NE","Garfield",1,1,1,1,1,NA
"1064","NE","Hall",7,6,2,14,8,NA
"1065","NE","Harlan",5,NA,1,2,2,NA
"1066","NE","Hooker",19,NA,NA,NA,NA,NA
"1067","NE","Jefferson",1,1,1,6,1,NA
"1068","NE","Johnson",1,3,1,2,2,NA
"1069","NE","Kearney",1,1,1,1,1,NA
"1070","NE","Keith",32,32,32,33,33,NA
"1071","NE","Kimball",3,NA,NA,4,NA,NA
"1072","NE","Lancaster",20,8,10,99,10,NA
"1073","NE","Lincoln",3,2,2,11,2,NA
"1074","NE","Madison",16,6,NA,79,18,NA
"1075","NE","Perkins",8,3,1,11,14,NA
"1076","NE","Phelps",2,1,1,1,5,NA
"1077","NE","Pierce",1,5,NA,11,NA,NA
"1078","NE","Platte",1,7,NA,36,1,NA
"1079","NE","Richardson",2,3,1,10,7,NA
"1080","NE","Saline",1,1,1,1,1,NA
"1081","NE","Sarpy",25,4,NA,118,NA,NA
"1082","NE","Saunders",1,1,1,5,1,NA
"1083","NE","Scotts Bluff",2,3,1,11,1,NA
"1084","NE","Sheridan",3,16,2,3,1,NA
"1085","NE","Sherman",1,1,1,1,1,NA
"1086","NE","Thayer",4,31,2,8,5,NA
"1087","NE","Thurston",1,NA,NA,NA,1,NA
"1088","NH","Belknap",20,NA,1,29,20,NA
"1089","NH","Carroll",49,1,1,60,40,NA
"1090","NH","Cheshire",80,8,23,95,80,NA
"1091","NH","Coos",21,NA,1,62,20,NA
"1092","NH","Grafton",82,NA,NA,49,82,NA
"1093","NH","Hillsboro",162,23,31,230,162,NA
"1094","NH","Merrimack",98,31,2,124,70,NA
"1095","NH","Rockingham",75,14,11,125,71,NA
"1096","NH","Strafford",59,1,NA,83,60,NA
"1097","NH","Sullivan",21,2,NA,40,20,NA
"1098","NJ","Atlantic",1,1,5,39,4,NA
"1099","NJ","Bergen",74,10,10,121,69,1
"1100","NJ","Burlington",62,NA,7,119,60,NA
"1101","NJ","Camden",61,2,4,77,61,NA
"1102","NJ","Cape May",71,2,20,111,62,NA
"1103","NJ","Cumberland",23,3,4,28,22,NA
"1104","NJ","Essex",45,11,9,99,47,1
"1105","NJ","Gloucester",1,2,2,4,1,NA
"1106","NJ","Hudson",4,9,7,21,4,NA
"1107","NJ","Mercer",23,16,1,29,23,NA
"1108","NJ","Middlesex",80,40,33,136,80,NA
"1109","NJ","Monmouth",57,6,14,118,52,NA
"1110","NJ","Morris",43,3,7,77,45,1
"1111","NJ","Ocean",89,17,43,241,90,NA
"1112","NJ","Passaic",2,10,9,48,2,1
"1113","NJ","Salem",1,6,NA,4,NA,NA
"1114","NJ","Sussex",21,2,1,29,21,NA
"1115","NJ","Union",21,2,5,45,21,NA
"1116","NJ","Warren",60,1,NA,73,60,NA
"1117","NM","Bernalillo",189,23,40,257,190,NA
"1118","NM","Chaves",21,16,3,28,22,NA
"1119","NM","Cibola",1,2,NA,9,NA,NA
"1120","NM","Colfax",20,2,NA,28,20,NA
"1121","NM","Curry",43,1,1,81,41,NA
"1122","NM","Dona Ana",64,10,4,105,71,NA
"1123","NM","Grant",21,1,1,25,21,NA
"1124","NM","Lea",1,NA,NA,2,NA,NA
"1125","NM","McKinley",40,11,12,57,40,NA
"1126","NM","Otero",2,7,2,16,4,NA
"1127","NM","Roosevelt",1,1,1,1,1,NA
"1128","NM","San Juan",45,3,4,54,41,NA
"1129","NM","San Miguel",4,8,6,10,4,NA
"1130","NM","Sandoval",21,8,1,26,22,NA
"1131","NM","Santa Fe",20,NA,NA,22,22,NA
"1132","NM","Socorro",1,1,1,2,1,NA
"1133","NM","Taos",1,NA,1,4,NA,NA
"1134","NM","Union",20,NA,NA,24,20,NA
"1135","NM","Valencia",20,1,NA,26,20,NA
"1136","NV","Carson City",28,NA,NA,32,26,NA
"1137","NV","Clark",17,16,18,75,14,1
"1138","NV","Douglas",21,NA,2,36,24,NA
"1139","NV","Elko",2,2,2,2,2,NA
"1140","NV","Mineral",1,4,1,4,1,NA
"1141","NV","Washoe",2,1,23,54,2,NA
"1142","NV","White Pine",2,NA,NA,9,1,NA
"1143","NY","Albany",4,3,3,21,2,NA
"1144","NY","Allegany",2,2,2,2,2,NA
"1145","NY","Bronx",26,40,43,103,15,6
"1146","NY","Broome",2,1,1,2,3,NA
"1147","NY","Cayuga",2,2,2,2,2,NA
"1148","NY","Chemung",1,1,3,2,1,NA
"1149","NY","Chenango",1,2,1,2,2,NA
"1150","NY","Cortland",1,1,1,2,1,NA
"1151","NY","Dutchess",1,1,2,4,2,NA
"1152","NY","Erie",10,7,8,10,8,1
"1153","NY","Essex",2,2,NA,1,NA,NA
"1154","NY","Franklin",1,NA,NA,NA,2,NA
"1155","NY","Fulton",1,1,2,1,1,NA
"1156","NY","Jefferson",2,1,1,29,1,NA
"1157","NY","Kings",17,78,52,41,21,4
"1158","NY","Livingston",2,NA,NA,22,NA,NA
"1159","NY","Madison",1,NA,NA,NA,NA,NA
"1160","NY","Monroe",15,7,9,96,6,2
"1161","NY","Nassau",41,11,11,58,46,1
"1162","NY","New York",3,24,13,23,8,NA
"1163","NY","Niagara",4,10,5,4,11,NA
"1164","NY","Oneida",4,4,7,8,4,NA
"1165","NY","Ontario",7,7,8,7,10,NA
"1166","NY","Orange",1,3,7,1,2,NA
"1167","NY","Putnam",1,1,1,1,1,NA
"1168","NY","Queens",38,99,63,129,39,NA
"1169","NY","Rensselaer",10,11,NA,5,2,NA
"1170","NY","Richmond",1,19,8,13,2,NA
"1171","NY","Saratoga",6,NA,1,5,2,NA
"1172","NY","Schenectady",13,2,11,11,12,1
"1173","NY","Seneca",1,NA,NA,11,NA,NA
"1174","NY","St. Lawrence",1,1,1,1,1,NA
"1175","NY","Steuben",2,1,2,12,1,NA
"1176","NY","Suffolk",34,46,28,82,53,1
"1177","NY","Sullivan",1,1,1,1,1,NA
"1178","NY","Tioga",1,2,1,34,1,NA
"1179","NY","Tompkins",3,8,10,11,4,NA
"1180","NY","Ulster",2,NA,1,3,5,NA
"1181","NY","Washington",3,NA,3,22,4,NA
"1182","NY","Wayne",2,2,1,12,1,NA
"1183","NY","Westchester",71,32,37,135,31,1
"1184","OH","Adams",4,17,NA,NA,6,NA
"1185","OH","Allen",36,32,23,128,91,1
"1186","OH","Ashland",32,26,24,36,32,1
"1187","OH","Ashtabula",4,24,5,100,2,1
"1188","OH","Auglaize",1,49,2,61,2,NA
"1189","OH","Belmont",15,17,17,49,16,NA
"1190","OH","Brown",25,14,23,50,39,NA
"1191","OH","Butler",8,15,6,110,14,NA
"1192","OH","Carroll",15,14,17,18,19,11
"1193","OH","Champaign",49,32,29,64,55,NA
"1194","OH","Clark",45,62,18,122,43,NA
"1195","OH","Clermont",38,46,40,99,38,10
"1196","OH","Clinton",2,1,2,11,1,NA
"1197","OH","Columbiana",28,7,3,122,28,NA
"1198","OH","Crawford",19,NA,1,25,20,NA
"1199","OH","Cuyahoga",316,144,109,550,187,68
"1200","OH","Darke",3,5,1,48,25,NA
"1201","OH","Erie",28,2,3,32,17,NA
"1202","OH","Fairfield",11,7,5,82,31,NA
"1203","OH","Fayette",53,NA,49,84,53,31
"1204","OH","Franklin",232,51,32,402,144,NA
"1205","OH","Fulton",1,NA,1,8,NA,NA
"1206","OH","Gallia",30,16,15,50,46,NA
"1207","OH","Geauga",7,1,1,94,2,1
"1208","OH","Greene",14,6,3,20,5,NA
"1209","OH","Hamilton",84,152,48,401,76,4
"1210","OH","Hancock",25,41,61,81,45,NA
"1211","OH","Hardin",7,5,2,12,4,NA
"1212","OH","Harrison",1,11,1,2,2,NA
"1213","OH","Henry",6,6,21,49,18,NA
"1214","OH","Highland",32,2,1,59,32,NA
"1215","OH","Hocking",1,5,1,1,2,NA
"1216","OH","Holmes",1,2,25,85,2,NA
"1217","OH","Huron",28,1,3,40,1,NA
"1218","OH","Jefferson",11,2,4,20,7,NA
"1219","OH","Knox",1,42,1,48,1,NA
"1220","OH","Lake",49,5,4,75,54,NA
"1221","OH","Lawrence",17,1,2,17,17,NA
"1222","OH","Licking",7,7,4,43,46,NA
"1223","OH","Logan",38,18,19,43,19,NA
"1224","OH","Lorain",42,30,39,232,45,1
"1225","OH","Lucas",150,98,90,247,138,18
"1226","OH","Madison",5,NA,1,5,NA,NA
"1227","OH","Mahoning",73,12,14,303,64,NA
"1228","OH","Marion",17,1,1,29,17,NA
"1229","OH","Medina",8,6,2,168,52,NA
"1230","OH","Meigs",2,13,NA,20,1,NA
"1231","OH","Mercer",46,17,20,63,36,NA
"1232","OH","Miami",3,4,3,18,3,NA
"1233","OH","Monroe",2,41,3,40,2,NA
"1234","OH","Montgomery",204,114,68,261,158,NA
"1235","OH","Muskingum",2,2,2,2,2,NA
"1236","OH","Noble",1,1,1,15,6,NA
"1237","OH","Ottawa",41,NA,3,48,32,NA
"1238","OH","Pickaway",20,2,3,35,5,NA
"1239","OH","Pike",3,4,3,4,3,NA
"1240","OH","Portage",69,6,54,122,18,NA
"1241","OH","Preble",1,7,12,24,14,NA
"1242","OH","Putnam",3,NA,2,1,2,NA
"1243","OH","Richland",1,1,2,31,24,NA
"1244","OH","Ross",27,5,6,29,28,NA
"1245","OH","Sandusky",11,17,12,58,8,NA
"1246","OH","Scioto",8,1,1,6,NA,NA
"1247","OH","Seneca",14,30,9,22,12,NA
"1248","OH","Shelby",4,3,1,39,3,NA
"1249","OH","Stark",65,52,75,245,72,NA
"1250","OH","Summit",166,87,82,421,107,NA
"1251","OH","Trumbull",16,38,4,177,32,44
"1252","OH","Tuscarawas",2,9,NA,41,1,NA
"1253","OH","Union",2,8,3,4,2,NA
"1254","OH","Vinton",1,50,NA,43,2,NA
"1255","OH","Warren",4,9,NA,81,11,1
"1256","OH","Washington",35,20,7,79,54,NA
"1257","OH","Wayne",3,4,5,94,6,NA
"1258","OH","Williams",11,1,NA,24,1,NA
"1259","OH","Wood",94,64,74,121,98,NA
"1260","OK","Adair",1,1,1,1,1,NA
"1261","OK","Blaine",1,2,1,1,1,NA
"1262","OK","Bryan",29,8,6,91,7,NA
"1263","OK","Caddo",9,12,7,22,12,NA
"1264","OK","Canadian",2,2,4,49,4,NA
"1265","OK","Carter",1,13,12,64,22,NA
"1266","OK","Choctaw",4,NA,1,6,NA,NA
"1267","OK","Cleveland",35,57,47,50,48,NA
"1268","OK","Comanche",3,3,2,2,2,NA
"1269","OK","Custer",3,7,9,21,4,NA
"1270","OK","Delaware",31,31,33,40,32,NA
"1271","OK","Ellis",3,NA,NA,3,1,NA
"1272","OK","Garfield",4,1,20,35,NA,NA
"1273","OK","Garvin",3,15,4,13,4,NA
"1274","OK","Grant",1,1,1,1,1,NA
"1275","OK","Jackson",5,4,7,19,4,NA
"1276","OK","Johnston",1,4,3,22,4,NA
"1277","OK","Kay",1,1,1,7,1,NA
"1278","OK","Latimer",3,1,1,20,2,NA
"1279","OK","Le Flore",9,3,2,20,5,11
"1280","OK","Lincoln",1,1,2,13,NA,NA
"1281","OK","Marshall",1,4,5,16,5,NA
"1282","OK","Mayes",1,3,NA,3,2,NA
"1283","OK","Murray",13,9,7,26,13,NA
"1284","OK","Muskogee",6,4,7,53,11,22
"1285","OK","Okfuskee",2,1,NA,15,NA,NA
"1286","OK","Oklahoma",4,17,8,143,6,NA
"1287","OK","Osage",1,1,1,5,1,NA
"1288","OK","Pawnee",1,1,2,7,2,NA
"1289","OK","Pittsburg",9,14,9,9,5,NA
"1290","OK","Seminole",3,2,2,2,2,NA
"1291","OK","Stephens",4,24,6,71,8,NA
"1292","OK","Tulsa",5,26,24,49,7,NA
"1293","OK","Washington",3,2,2,40,23,NA
"1294","OK","Washita",1,NA,NA,NA,NA,NA
"1295","OK","Woodward",2,1,2,10,1,NA
"1296","OR","Benton",13,NA,1,12,13,NA
"1297","OR","Clackamas",11,9,9,27,9,NA
"1298","OR","Coos",8,1,1,NA,13,NA
"1299","OR","Deschutes",1,32,11,13,10,NA
"1300","OR","Douglas",1,1,2,1,1,NA
"1301","OR","Jackson",11,1,3,19,3,NA
"1302","OR","Lane",18,3,10,24,19,1
"1303","OR","Linn",10,3,3,4,1,NA
"1304","OR","Marion",36,8,2,50,45,NA
"1305","OR","Multnomah",43,61,32,41,38,1
"1306","OR","Polk",1,1,1,2,1,NA
"1307","OR","Umatilla",35,35,42,45,35,NA
"1308","OR","Wasco",29,12,10,30,25,NA
"1309","OR","Washington",1,4,NA,5,2,NA
"1310","PA","Adams",21,NA,NA,25,20,NA
"1311","PA","Allegheny",465,64,69,545,431,NA
"1312","PA","Beaver",33,NA,NA,33,20,NA
"1313","PA","Bedford",33,NA,1,33,33,NA
"1314","PA","Berks",94,23,4,105,69,NA
"1315","PA","Blair",13,11,7,17,11,NA
"1316","PA","Bradford",7,11,11,18,12,NA
"1317","PA","Bucks",77,39,17,148,94,NA
"1318","PA","Butler",44,2,1,92,33,NA
"1319","PA","Cambria",11,2,11,10,5,NA
"1320","PA","Cameron",22,29,35,21,19,NA
"1321","PA","Carbon",2,2,2,2,2,NA
"1322","PA","Centre",2,NA,1,NA,3,NA
"1323","PA","Chester",91,6,7,105,90,NA
"1324","PA","Clarion",1,NA,NA,NA,1,NA
"1325","PA","Clearfield",1,1,1,1,2,NA
"1326","PA","Clinton",9,4,2,25,9,NA
"1327","PA","Columbia",42,2,4,50,59,NA
"1328","PA","Crawford",1,3,1,5,2,NA
"1329","PA","Cumberland",17,7,16,61,27,NA
"1330","PA","Dauphin",4,16,5,20,3,NA
"1331","PA","Delaware",134,73,73,149,136,NA
"1332","PA","Elk",2,NA,NA,1,1,NA
"1333","PA","Erie",43,19,23,42,27,NA
"1334","PA","Fayette",53,30,30,53,51,NA
"1335","PA","Forest",1,1,1,39,1,NA
"1336","PA","Franklin",8,6,4,30,8,NA
"1337","PA","Huntingdon",12,27,8,12,18,NA
"1338","PA","Indiana",7,7,7,7,7,NA
"1339","PA","Jefferson",2,2,2,2,2,NA
"1340","PA","Juniata",2,2,2,2,2,NA
"1341","PA","Lackawanna",61,2,3,69,62,NA
"1342","PA","Lancaster",49,9,6,65,41,1
"1343","PA","Lawrence",3,NA,NA,35,3,NA
"1344","PA","Lebanon",21,10,7,53,23,NA
"1345","PA","Lehigh",58,7,7,57,60,NA
"1346","PA","Luzerne",95,6,10,122,89,NA
"1347","PA","Lycoming",92,29,18,142,81,NA
"1348","PA","McKean",28,43,14,30,27,NA
"1349","PA","Mercer",28,44,36,42,28,NA
"1350","PA","Mifflin",1,1,2,2,1,NA
"1351","PA","Montgomery",252,57,34,331,284,NA
"1352","PA","Montour",1,1,1,1,1,NA
"1353","PA","Northampton",40,14,5,45,20,NA
"1354","PA","Northumberland",44,27,1,49,31,NA
"1355","PA","Perry",3,3,3,3,2,NA
"1356","PA","Philadelphia",79,16,28,110,60,NA
"1357","PA","Potter",7,2,5,9,5,NA
"1358","PA","Schuylkill",48,5,14,59,41,NA
"1359","PA","Somerset",9,NA,9,4,2,NA
"1360","PA","Tioga",1,1,NA,NA,3,NA
"1361","PA","Venango",18,7,5,19,7,NA
"1362","PA","Warren",16,2,4,17,10,NA
"1363","PA","Washington",35,2,1,34,34,NA
"1364","PA","Westmoreland",16,10,11,9,26,NA
"1365","PA","York",174,14,20,181,140,NA
"1366","PR","Hormigueros",2,12,2,16,NA,NA
"1367","RI","Bristol",22,3,2,34,22,NA
"1368","RI","Kent",77,30,15,101,82,NA
"1369","RI","Newport",20,4,NA,30,21,NA
"1370","RI","Providence",95,23,34,134,88,NA
"1371","RI","Washington",13,4,3,33,2,NA
"1372","SC","Aiken",29,2,30,41,29,NA
"1373","SC","Anderson",1,NA,7,7,NA,NA
"1374","SC","Bamberg",1,1,1,1,1,NA
"1375","SC","Barnwell",12,15,NA,9,NA,NA
"1376","SC","Beaufort",5,2,2,39,8,NA
"1377","SC","Berkeley",2,2,2,4,2,NA
"1378","SC","Calhoun",3,NA,2,7,2,NA
"1379","SC","Charleston",8,16,3,68,19,NA
"1380","SC","Chester",1,1,1,1,1,NA
"1381","SC","Chesterfield",3,NA,NA,NA,1,NA
"1382","SC","Colleton",1,1,1,2,1,NA
"1383","SC","Darlington",1,1,1,3,1,NA
"1384","SC","Dorchester",8,5,9,4,4,NA
"1385","SC","Florence",3,NA,1,8,NA,NA
"1386","SC","Georgetown",3,4,6,15,8,NA
"1387","SC","Greenville",44,11,20,66,44,NA
"1388","SC","Greenwood",5,3,1,15,13,NA
"1389","SC","Horry",31,32,30,57,42,NA
"1390","SC","Jasper",5,22,5,50,7,NA
"1391","SC","Kershaw",2,2,2,2,2,NA
"1392","SC","Lancaster",2,2,2,39,2,NA
"1393","SC","Laurens",21,3,14,35,15,NA
"1394","SC","Lexington",24,3,1,37,11,NA
"1395","SC","Newberry",34,NA,NA,42,NA,NA
"1396","SC","Oconee",5,3,3,3,3,NA
"1397","SC","Orangeburg",1,1,1,2,1,NA
"1398","SC","Pickens",6,NA,NA,12,NA,NA
"1399","SC","Richland",15,5,5,114,13,NA
"1400","SC","Spartanburg",4,12,2,86,12,NA
"1401","SC","Sumter",6,7,5,35,5,NA
"1402","SC","York",31,24,15,78,45,NA
"1403","SD","Clark",1,1,1,1,1,NA
"1404","SD","Clay",11,12,NA,13,2,NA
"1405","SD","Davison",53,10,NA,56,47,NA
"1406","SD","Dewey",1,NA,NA,NA,NA,NA
"1407","SD","Douglas",1,NA,NA,NA,NA,NA
"1408","SD","Grant",3,3,1,1,2,NA
"1409","SD","Hughes",1,1,1,1,1,NA
"1410","SD","Marshall",2,9,NA,1,2,NA
"1411","SD","Mellette",1,1,1,1,1,NA
"1412","SD","Minnehaha",24,9,2,70,60,1
"1413","SD","Moody",11,3,2,16,11,NA
"1414","SD","Pennington",35,NA,2,48,33,NA
"1415","SD","Potter",2,4,3,4,2,NA
"1416","SD","Roberts",1,2,NA,1,NA,NA
"1417","SD","Sanborn",15,NA,NA,23,23,NA
"1418","SD","Turner",2,3,2,6,3,NA
"1419","SD","Union",4,31,4,6,5,NA
"1420","SD","Walworth",1,10,1,7,NA,NA
"1421","SD","Yankton",1,1,1,1,15,NA
"1422","TN","Anderson",4,6,4,59,6,NA
"1423","TN","Bedford",2,2,1,11,1,NA
"1424","TN","Benton",2,NA,NA,33,33,NA
"1425","TN","Bledsoe",14,19,25,14,15,NA
"1426","TN","Blount",1,1,2,2,1,NA
"1427","TN","Bradley",2,1,1,31,1,NA
"1428","TN","Campbell",21,NA,1,42,21,NA
"1429","TN","Carroll",1,10,15,37,25,NA
"1430","TN","Cheatham",4,2,2,2,2,NA
"1431","TN","Cocke",3,4,3,3,3,NA
"1432","TN","Coffee",47,42,54,92,54,NA
"1433","TN","Crockett",3,2,2,7,4,NA
"1434","TN","Davidson",30,17,10,104,19,1
"1435","TN","Decatur",10,8,4,33,10,NA
"1436","TN","DeKalb",33,21,11,35,24,NA
"1437","TN","Dickson",25,23,23,35,23,NA
"1438","TN","Dyer",8,19,7,16,6,NA
"1439","TN","Fayette",41,42,40,42,42,NA
"1440","TN","Gibson",18,10,4,42,10,NA
"1441","TN","Giles",51,60,43,76,58,NA
"1442","TN","Grainger",8,2,NA,2,2,NA
"1443","TN","Hamilton",68,46,50,195,112,NA
"1444","TN","Hardeman",5,1,5,38,33,NA
"1445","TN","Hardin",42,41,41,56,39,NA
"1446","TN","Haywood",39,28,1,42,40,NA
"1447","TN","Henderson",3,1,1,10,1,NA
"1448","TN","Henry",54,37,38,64,67,NA
"1449","TN","Hickman",2,1,1,4,4,NA
"1450","TN","Jackson",16,NA,9,39,1,NA
"1451","TN","Knox",90,74,70,91,84,NA
"1452","TN","Lake",10,10,10,10,10,NA
"1453","TN","Lauderdale",7,1,1,34,12,NA
"1454","TN","Lawrence",55,44,49,81,58,NA
"1455","TN","Lewis",26,26,26,26,26,NA
"1456","TN","Lincoln",3,3,3,6,4,NA
"1457","TN","Macon",1,1,2,1,1,NA
"1458","TN","Madison",77,53,35,93,73,NA
"1459","TN","Maury",11,14,8,54,7,NA
"1460","TN","McMinn",23,23,23,24,23,NA
"1461","TN","McNairy",32,6,6,42,10,NA
"1462","TN","Montgomery",1,2,2,42,34,NA
"1463","TN","Moore",16,NA,NA,17,21,NA
"1464","TN","Overton",2,1,1,1,1,NA
"1465","TN","Perry",16,16,17,23,18,NA
"1466","TN","Putnam",19,16,2,44,29,NA
"1467","TN","Rhea",1,1,2,16,1,NA
"1468","TN","Roane",1,NA,NA,13,1,NA
"1469","TN","Robertson",7,NA,NA,24,8,NA
"1470","TN","Rutherford",28,53,23,70,59,NA
"1471","TN","Sequatchie",8,11,8,32,9,NA
"1472","TN","Shelby",29,65,49,87,72,NA
"1473","TN","Sullivan",4,3,1,50,4,NA
"1474","TN","Sumner",7,2,2,11,2,NA
"1475","TN","Tipton",18,19,16,18,20,NA
"1476","TN","Trousdale",4,NA,NA,2,NA,NA
"1477","TN","Unicoi",1,NA,NA,1,NA,NA
"1478","TN","Union",20,1,1,27,21,NA
"1479","TN","Warren",25,23,12,27,15,NA
"1480","TN","Washington",4,17,3,54,4,NA
"1481","TN","Weakley",2,1,3,6,NA,NA
"1482","TN","White",3,2,1,41,14,NA
"1483","TN","Williamson",21,41,13,49,25,NA
"1484","TX","Anderson",10,NA,6,21,NA,NA
"1485","TX","Angelina",20,1,9,25,2,NA
"1486","TX","Atascosa",15,11,11,11,9,NA
"1487","TX","Bailey",7,NA,NA,6,NA,NA
"1488","TX","Bandera",10,NA,NA,10,NA,NA
"1489","TX","Bastrop",4,4,4,7,3,NA
"1490","TX","Bell",4,8,3,13,6,NA
"1491","TX","Bexar",114,79,28,126,31,NA
"1492","TX","Bosque",7,4,NA,3,1,NA
"1493","TX","Bowie",9,7,4,18,3,NA
"1494","TX","Brazoria",18,6,18,32,6,1
"1495","TX","Brazos",21,5,1,22,2,NA
"1496","TX","Brown",35,5,5,37,5,NA
"1497","TX","Burleson",7,2,NA,9,NA,NA
"1498","TX","Cameron",12,12,13,13,12,NA
"1499","TX","Castro",2,3,NA,11,NA,NA
"1500","TX","Chambers",1,1,1,1,1,NA
"1501","TX","Cherokee",26,NA,NA,20,NA,NA
"1502","TX","Collin",31,15,7,39,7,NA
"1503","TX","Collingsworth",10,NA,NA,10,NA,NA
"1504","TX","Comal",6,2,NA,5,NA,NA
"1505","TX","Comanche",10,NA,NA,10,NA,NA
"1506","TX","Concho",10,NA,NA,10,NA,NA
"1507","TX","Cooke",15,NA,3,9,NA,NA
"1508","TX","Coryell",1,1,1,1,1,NA
"1509","TX","Crosby",8,5,5,16,3,NA
"1510","TX","Dallas",77,39,21,93,20,NA
"1511","TX","Denton",30,24,21,35,8,NA
"1512","TX","Duval",3,3,3,3,3,NA
"1513","TX","Eastland",1,NA,NA,NA,NA,NA
"1514","TX","Ector",31,NA,NA,30,NA,NA
"1515","TX","El Paso",66,13,6,69,5,NA
"1516","TX","Ellis",12,17,17,19,12,NA
"1517","TX","Falls",13,3,3,13,3,NA
"1518","TX","Fannin",3,16,1,2,2,NA
"1519","TX","Fayette",1,2,NA,11,NA,NA
"1520","TX","Floyd",1,NA,NA,NA,NA,NA
"1521","TX","Fort Bend",16,11,14,19,6,2
"1522","TX","Freestone",10,NA,NA,10,NA,NA
"1523","TX","Galveston",9,14,13,14,4,NA
"1524","TX","Gillespie",1,3,1,1,1,NA
"1525","TX","Gonzales",1,1,1,2,1,NA
"1526","TX","Gray",13,3,3,13,3,NA
"1527","TX","Grayson",23,5,9,35,5,1
"1528","TX","Gregg",29,4,31,29,1,1
"1529","TX","Guadalupe",12,8,6,24,6,NA
"1530","TX","Hall",10,NA,NA,10,NA,NA
"1531","TX","Hamilton",3,9,3,3,3,NA
"1532","TX","Hansford",2,1,1,2,4,NA
"1533","TX","Hardin",13,8,8,15,8,NA
"1534","TX","Harris",71,42,63,67,41,1
"1535","TX","Harrison",3,3,2,4,2,NA
"1536","TX","Hays",3,4,3,7,3,NA
"1537","TX","Henderson",3,3,3,4,4,NA
"1538","TX","Hidalgo",16,16,15,15,15,NA
"1539","TX","Hill",2,2,2,2,2,NA
"1540","TX","Hockley",3,3,3,3,3,NA
"1541","TX","Hood",13,3,3,13,3,NA
"1542","TX","Hopkins",11,NA,1,11,NA,NA
"1543","TX","Howard",10,NA,NA,10,NA,NA
"1544","TX","Hutchinson",10,NA,NA,10,NA,NA
"1545","TX","Jasper",2,2,18,2,NA,NA
"1546","TX","Jefferson",27,2,16,26,2,NA
"1547","TX","Jim Hogg",1,1,1,1,1,NA
"1548","TX","Jim Wells",3,4,3,3,3,NA
"1549","TX","Johnson",1,20,1,2,2,NA
"1550","TX","Karnes",11,1,2,11,1,NA
"1551","TX","Kaufman",27,7,7,32,7,NA
"1552","TX","Kendall",8,19,6,16,9,NA
"1553","TX","Kerr",6,7,7,7,6,NA
"1554","TX","Kleberg",1,1,NA,NA,NA,NA
"1555","TX","Lamb",7,3,7,1,NA,NA
"1556","TX","Lavaca",4,3,3,4,3,NA
"1557","TX","Lee",1,1,1,1,1,NA
"1558","TX","Liberty",1,11,1,1,NA,NA
"1559","TX","Limestone",13,5,2,16,2,NA
"1560","TX","Lubbock",50,3,3,46,3,NA
"1561","TX","Madison",10,NA,NA,10,NA,NA
"1562","TX","Matagorda",4,3,3,3,3,NA
"1563","TX","Maverick",20,NA,NA,20,NA,NA
"1564","TX","McLennan",26,18,8,27,16,NA
"1565","TX","Medina",16,7,2,16,6,NA
"1566","TX","Menard",1,NA,NA,NA,NA,NA
"1567","TX","Midland",1,7,1,2,1,NA
"1568","TX","Milam",3,12,4,10,11,NA
"1569","TX","Montgomery",20,7,11,28,9,10
"1570","TX","Moore",14,NA,NA,10,NA,NA
"1571","TX","Morris",1,NA,NA,NA,NA,NA
"1572","TX","Motley",3,3,3,3,3,NA
"1573","TX","Navarro",15,6,55,29,4,NA
"1574","TX","Newton",2,4,1,4,2,NA
"1575","TX","Nueces",9,14,11,9,8,NA
"1576","TX","Orange",15,NA,NA,15,NA,NA
"1577","TX","Palo Pinto",10,NA,NA,10,NA,NA
"1578","TX","Panola",1,1,1,2,2,NA
"1579","TX","Parker",23,15,7,43,8,NA
"1580","TX","Parmer",2,7,6,1,1,NA
"1581","TX","Polk",5,NA,1,7,NA,NA
"1582","TX","Potter",20,NA,1,28,NA,NA
"1583","TX","Randall",10,14,NA,10,NA,NA
"1584","TX","Real",4,3,5,2,1,NA
"1585","TX","Refugio",5,1,1,5,NA,NA
"1586","TX","Robertson",20,NA,NA,20,NA,NA
"1587","TX","Rockwall",3,4,4,6,3,NA
"1588","TX","Runnels",11,1,1,11,1,NA
"1589","TX","Sabine",11,NA,NA,13,NA,NA
"1590","TX","San Augustine",1,NA,2,3,NA,NA
"1591","TX","San Jacinto",1,1,1,1,1,NA
"1592","TX","San Patricio",5,NA,NA,5,NA,NA
"1593","TX","Smith",30,16,40,35,16,NA
"1594","TX","Somervell",13,3,3,13,NA,NA
"1595","TX","Starr",6,3,3,3,3,NA
"1596","TX","Swisher",4,1,1,1,1,NA
"1597","TX","Tarrant",101,88,93,131,83,NA
"1598","TX","Taylor",1,3,1,23,1,NA
"1599","TX","Titus",13,3,3,13,3,NA
"1600","TX","Tom Green",1,1,1,3,1,NA
"1601","TX","Travis",16,27,23,25,19,NA
"1602","TX","Trinity",10,NA,3,14,NA,NA
"1603","TX","Tyler",17,NA,NA,17,NA,NA
"1604","TX","Upshur",1,NA,NA,NA,NA,NA
"1605","TX","Upton",1,NA,NA,8,NA,NA
"1606","TX","Uvalde",2,4,1,5,NA,NA
"1607","TX","Val Verde",11,1,1,11,1,NA
"1608","TX","Van Zandt",1,3,NA,3,2,NA
"1609","TX","Victoria",4,4,6,4,4,NA
"1610","TX","Walker",1,1,1,4,1,NA
"1611","TX","Webb",7,7,8,7,7,NA
"1612","TX","Wharton",4,3,3,9,8,NA
"1613","TX","Wheeler",3,NA,NA,1,NA,NA
"1614","TX","Wichita",19,6,7,27,3,NA
"1615","TX","Wilbarger",6,2,4,6,6,NA
"1616","TX","Willacy",3,3,3,3,3,NA
"1617","TX","Williamson",14,24,6,22,5,1
"1618","TX","Wise",12,2,2,12,2,NA
"1619","TX","Wood",5,9,5,5,5,NA
"1620","TX","Yoakum",8,NA,NA,1,NA,NA
"1621","TX","Young",11,4,1,16,1,NA
"1622","UT","Box Elder",5,NA,NA,7,NA,NA
"1623","UT","Carbon",1,1,1,1,1,NA
"1624","UT","Davis",22,24,22,42,40,1
"1625","UT","Emery",3,NA,NA,NA,2,NA
"1626","UT","Salt Lake",34,25,36,64,34,11
"1627","UT","Sevier",1,1,1,1,1,NA
"1628","UT","Weber",6,4,4,14,13,NA
"1629","VA","Accomack",2,1,1,1,1,NA
"1630","VA","Alexandria City",3,2,4,40,6,1
"1631","VA","Alleghany",2,NA,NA,2,2,NA
"1632","VA","Amelia",1,NA,NA,NA,1,NA
"1633","VA","Amherst",6,5,5,8,6,NA
"1634","VA","Bedford City",7,6,6,10,7,NA
"1635","VA","Bristol City",4,NA,NA,11,2,NA
"1636","VA","Brunswick",1,NA,NA,2,NA,NA
"1637","VA","Buchanan",3,NA,3,3,3,NA
"1638","VA","Buckingham",2,2,2,2,2,NA
"1639","VA","Caroline",17,NA,NA,17,4,NA
"1640","VA","Charlotte",1,1,1,13,1,NA
"1641","VA","Chesterfield",2,11,2,8,2,NA
"1642","VA","Colonial Heights City",38,5,5,38,32,NA
"1643","VA","Culpeper",14,4,NA,14,2,NA
"1644","VA","Emporia City",2,13,3,2,5,NA
"1645","VA","Fairfax",17,18,1,53,42,NA
"1646","VA","Floyd",5,NA,2,NA,NA,NA
"1647","VA","Franklin",41,42,41,42,42,NA
"1648","VA","Franklin City",9,1,1,9,9,NA
"1649","VA","Gloucester",1,NA,1,39,35,NA
"1650","VA","Greene",1,2,3,6,4,NA
"1651","VA","Hampton City",5,1,1,39,39,NA
"1652","VA","Henrico",17,7,7,62,46,NA
"1653","VA","Hopewell City",44,NA,NA,46,44,NA
"1654","VA","James City",2,2,2,41,36,NA
"1655","VA","King George",12,12,12,13,12,NA
"1656","VA","Lancaster",3,1,1,3,3,NA
"1657","VA","Loudoun",3,2,2,10,3,NA
"1658","VA","Lynchburg City",15,12,13,20,15,NA
"1659","VA","Madison",2,1,NA,14,2,NA
"1660","VA","Manassas City",1,NA,NA,3,1,NA
"1661","VA","Mecklenburg",3,2,2,3,3,NA
"1662","VA","Middlesex",1,2,1,44,35,NA
"1663","VA","Montgomery",3,3,3,3,3,NA
"1664","VA","Newport News City",5,2,1,54,36,NA
"1665","VA","Norfolk City",3,1,8,44,20,NA
"1666","VA","Northampton",1,1,1,1,1,NA
"1667","VA","Petersburg City",2,1,3,6,2,NA
"1668","VA","Prince William",26,19,24,29,24,NA
"1669","VA","Radford City",2,NA,NA,2,2,NA
"1670","VA","Roanoke",18,NA,1,17,15,NA
"1671","VA","Roanoke City",1,5,1,2,1,1
"1672","VA","Shenandoah",1,1,NA,7,2,NA
"1673","VA","Smyth",21,2,1,23,1,NA
"1674","VA","Southampton",1,1,NA,NA,NA,NA
"1675","VA","Spotsylvania",2,1,2,5,2,NA
"1676","VA","Stafford",20,1,7,29,21,NA
"1677","VA","Staunton City",2,NA,NA,39,1,NA
"1678","VA","Suffolk City",15,4,3,24,7,NA
"1679","VA","Tazewell",23,4,3,32,23,NA
"1680","VA","Virginia Beach City",10,19,11,53,60,NA
"1681","VA","Warren",1,NA,NA,2,2,NA
"1682","VA","Washington",21,5,5,17,7,NA
"1683","VA","Wise",6,6,5,13,7,NA
"1684","VA","Wythe",1,2,1,3,1,NA
"1685","VA","York",2,1,1,2,2,NA
"1686","VT","Bennington",20,9,5,31,22,NA
"1687","VT","Caledonia",21,1,1,25,21,NA
"1688","VT","Chittenden",20,1,1,28,20,NA
"1689","VT","Franklin",20,NA,NA,24,20,NA
"1690","VT","Orleans",23,1,1,20,20,NA
"1691","VT","Rutland",40,NA,NA,45,40,NA
"1692","VT","Washington",28,4,3,49,41,NA
"1693","VT","Windham",1,9,1,1,1,NA
"1694","VT","Windsor",20,1,NA,20,20,NA
"1695","WA","Benton",12,4,NA,19,15,NA
"1696","WA","Clallam",3,30,2,43,35,1
"1697","WA","Clark",17,9,7,38,16,NA
"1698","WA","Columbia",1,NA,NA,NA,NA,NA
"1699","WA","Cowlitz",24,3,2,22,25,NA
"1700","WA","Grant",27,37,7,58,46,NA
"1701","WA","Grays Harbor",10,17,20,18,6,NA
"1702","WA","King",91,110,63,221,137,14
"1703","WA","Kitsap",60,61,51,73,60,NA
"1704","WA","Mason",30,22,15,32,35,NA
"1705","WA","Okanogan",7,1,6,1,NA,NA
"1706","WA","Pierce",121,32,37,156,161,1
"1707","WA","Skagit",1,14,12,5,5,1
"1708","WA","Snohomish",110,78,79,147,94,44
"1709","WA","Spokane",31,27,33,99,56,NA
"1710","WA","Stevens",10,NA,4,21,16,1
"1711","WA","Thurston",31,11,1,24,26,NA
"1712","WA","Walla Walla",8,10,19,9,10,4
"1713","WA","Whatcom",50,41,34,49,51,2
"1714","WA","Whitman",2,2,2,2,2,NA
"1715","WA","Yakima",35,41,30,73,30,NA
"1716","WI","Ashland",54,24,7,58,37,NA
"1717","WI","Barron",2,8,5,44,40,NA
"1718","WI","Bayfield",1,NA,NA,1,3,NA
"1719","WI","Brown",52,3,5,78,41,NA
"1720","WI","Calumet",13,13,NA,49,30,NA
"1721","WI","Chippewa",6,24,15,53,39,1
"1722","WI","Clark",1,1,2,2,16,NA
"1723","WI","Columbia",51,12,10,45,36,NA
"1724","WI","Crawford",32,NA,1,33,11,NA
"1725","WI","Dane",37,25,14,55,34,NA
"1726","WI","Dodge",75,4,11,110,20,NA
"1727","WI","Door",34,1,1,74,37,NA
"1728","WI","Douglas",43,4,1,61,22,NA
"1729","WI","Dunn",42,42,42,60,42,NA
"1730","WI","Eau Claire",84,20,13,88,63,NA
"1731","WI","Florence",22,22,NA,32,23,NA
"1732","WI","Fond du Lac",10,5,1,15,42,NA
"1733","WI","Grant",69,42,38,119,66,NA
"1734","WI","Green",24,5,3,26,23,NA
"1735","WI","Green Lake",15,15,14,36,19,NA
"1736","WI","Iowa",33,25,11,42,24,NA
"1737","WI","Jackson",1,NA,1,5,2,NA
"1738","WI","Jefferson",40,31,32,32,34,NA
"1739","WI","Juneau",37,8,7,95,53,NA
"1740","WI","Kenosha",17,54,26,42,44,NA
"1741","WI","Kewaunee",4,2,4,34,5,NA
"1742","WI","La Crosse",18,3,10,58,5,NA
"1743","WI","Langlade",2,4,NA,21,3,NA
"1744","WI","Lincoln",13,21,21,12,9,NA
"1745","WI","Manitowoc",24,29,4,75,17,NA
"1746","WI","Marathon",69,31,22,102,80,1
"1747","WI","Milwaukee",121,49,59,302,160,NA
"1748","WI","Oneida",3,4,4,12,5,NA
"1749","WI","Outagamie",40,5,2,53,32,NA
"1750","WI","Ozaukee",29,3,1,66,47,NA
"1751","WI","Pierce",24,3,2,81,12,NA
"1752","WI","Polk",1,2,1,1,3,NA
"1753","WI","Portage",31,NA,1,34,14,NA
"1754","WI","Racine",16,18,4,82,12,NA
"1755","WI","Rock",16,15,21,49,16,NA
"1756","WI","Sawyer",30,3,1,58,51,NA
"1757","WI","Shawano",36,NA,NA,95,32,NA
"1758","WI","Sheboygan",42,16,8,127,65,NA
"1759","WI","St. Croix",23,22,24,136,61,NA
"1760","WI","Taylor",16,2,1,19,15,NA
"1761","WI","Trempealeau",14,1,1,5,8,NA
"1762","WI","Walworth",44,5,26,54,40,NA
"1763","WI","Washburn",2,NA,NA,NA,1,NA
"1764","WI","Washington",4,5,7,6,4,NA
"1765","WI","Waukesha",46,65,40,104,54,NA
"1766","WI","Waupaca",21,27,17,18,15,NA
"1767","WI","Winnebago",30,29,28,32,30,NA
"1768","WI","Wood",27,61,29,89,37,NA
"1769","WV","Barbour",4,4,1,3,2,NA
"1770","WV","Berkeley",20,NA,1,27,20,NA
"1771","WV","Brooke",20,NA,NA,24,20,NA
"1772","WV","Cabell",23,3,25,32,23,NA
"1773","WV","Calhoun",12,NA,NA,NA,2,NA
"1774","WV","Fayette",103,3,3,129,102,NA
"1775","WV","Gilmer",20,NA,NA,25,20,NA
"1776","WV","Greenbrier",20,6,NA,28,20,NA
"1777","WV","Hampshire",21,2,1,46,39,NA
"1778","WV","Harrison",21,1,2,28,21,NA
"1779","WV","Jackson",20,NA,NA,28,20,NA
"1780","WV","Jefferson",40,1,NA,48,40,NA
"1781","WV","Kanawha",107,11,11,131,108,NA
"1782","WV","Lewis",1,1,1,1,1,NA
"1783","WV","Logan",21,1,1,24,21,NA
"1784","WV","Marion",42,5,8,52,47,NA
"1785","WV","Marshall",1,1,1,1,1,NA
"1786","WV","Mason",1,NA,1,8,5,NA
"1787","WV","Mercer",3,1,2,1,1,NA
"1788","WV","Mineral",20,1,1,21,20,NA
"1789","WV","Mingo",8,NA,NA,3,NA,NA
"1790","WV","Monongalia",23,3,3,24,23,NA
"1791","WV","Morgan",1,1,1,19,19,NA
"1792","WV","Pocahontas",20,2,2,21,20,NA
"1793","WV","Putnam",40,NA,NA,46,40,NA
"1794","WV","Raleigh",40,NA,1,51,40,NA
"1795","WV","Randolph",7,9,3,55,6,NA
"1796","WV","Ritchie",6,NA,1,12,14,NA
"1797","WV","Roane",20,NA,NA,24,20,NA
"1798","WV","Taylor",20,NA,NA,28,20,NA
"1799","WV","Tyler",20,NA,NA,21,20,NA
"1800","WV","Upshur",14,12,12,14,14,NA
"1801","WV","Wetzel",20,NA,NA,26,20,NA
"1802","WV","Wirt",1,1,1,1,1,NA
"1803","WV","Wood",57,34,18,81,58,NA
"1804","WY","Carbon",5,8,1,1,1,NA
"1805","WY","Crook",1,1,1,2,1,NA
"1806","WY","Fremont",1,3,2,4,1,NA
"1807","WY","Goshen",2,4,10,31,3,NA
"1808","WY","Laramie",18,5,4,43,25,NA
"1809","WY","Natrona",42,19,13,53,56,NA
"1810","WY","Platte",3,3,3,4,3,NA
"1811","WY","Sheridan",3,9,3,4,3,NA
"1812","WY","Sweetwater",4,NA,NA,32,18,NA
"1813","WY","Teton",2,4,1,3,1,NA
"1814","WY","Uinta",1,1,1,1,1,NA
"1815","AK","Nome",NA,8,2,2,NA,NA
"1816","AL","Greene",NA,1,2,NA,NA,20
"1817","AR","Crittenden",NA,1,NA,3,NA,NA
"1818","AR","Dallas",NA,1,2,4,2,NA
"1819","AR","Grant",NA,4,NA,14,NA,NA
"1820","AR","Greene",NA,1,NA,7,NA,NA
"1821","AR","Jackson",NA,2,NA,NA,NA,NA
"1822","AR","Woodruff",NA,1,NA,NA,NA,NA
"1823","CA","Amador",NA,1,NA,NA,NA,NA
"1824","CA","El Dorado",NA,18,NA,2,1,NA
"1825","CA","Lake",NA,14,14,7,NA,NA
"1826","CA","Mendocino",NA,2,NA,1,NA,NA
"1827","CO","Douglas",NA,1,2,2,NA,NA
"1828","CO","Moffat",NA,3,1,3,NA,NA
"1829","GA","Carroll",NA,19,NA,1,3,NA
"1830","GA","Coweta",NA,1,NA,1,1,NA
"1831","GA","Forsyth",NA,1,1,42,12,NA
"1832","GA","Glynn",NA,1,NA,NA,NA,NA
"1833","GA","Gordon",NA,24,NA,NA,NA,NA
"1834","GA","Jasper",NA,2,NA,3,NA,NA
"1835","GA","Jeff Davis",NA,1,NA,NA,NA,NA
"1836","GA","Wilcox",NA,2,NA,5,NA,NA
"1837","IA","Mahaska",NA,1,NA,NA,NA,NA
"1838","IA","O'Brien",NA,1,NA,38,1,NA
"1839","IA","Union",NA,2,NA,32,1,NA
"1840","ID","Valley",NA,3,NA,NA,NA,NA
"1841","IL","Alexander",NA,2,NA,NA,1,NA
"1842","IL","Cumberland",NA,3,NA,12,10,NA
"1843","IL","Edwards",NA,3,NA,1,NA,NA
"1844","IL","Ford",NA,3,NA,5,NA,NA
"1845","IL","Hardin",NA,1,NA,NA,NA,NA
"1846","IL","Jasper",NA,1,NA,NA,NA,NA
"1847","IL","Knox",NA,1,NA,5,2,NA
"1848","IL","Mason",NA,2,NA,9,1,NA
"1849","IL","Piatt",NA,1,NA,39,1,NA
"1850","IL","Whiteside",NA,5,1,19,NA,NA
"1851","IN","Benton",NA,15,NA,NA,NA,NA
"1852","IN","Clark",NA,19,NA,9,3,NA
"1853","IN","Gibson",NA,1,NA,7,NA,NA
"1854","IN","Hancock",NA,35,NA,36,NA,20
"1855","IN","Harrison",NA,3,NA,1,10,NA
"1856","IN","Noble",NA,29,30,32,34,NA
"1857","IN","Wayne",NA,8,NA,32,1,NA
"1858","KS","Clark",NA,2,1,NA,NA,NA
"1859","KS","Ford",NA,11,NA,4,NA,NA
"1860","KS","Graham",NA,3,NA,NA,1,NA
"1861","KS","Jackson",NA,1,NA,8,5,NA
"1862","KS","Seward",NA,5,NA,6,3,NA
"1863","KS","Trego",NA,2,NA,NA,NA,NA
"1864","KY","Bell",NA,1,NA,13,NA,NA
"1865","KY","Boyd",NA,1,NA,NA,NA,NA
"1866","KY","Henry",NA,13,1,25,1,NA
"1867","KY","Jessamine",NA,1,NA,NA,NA,NA
"1868","KY","Lewis",NA,1,NA,1,NA,NA
"1869","KY","Martin",NA,4,NA,NA,13,NA
"1870","LA","Allen",NA,6,NA,1,NA,NA
"1871","LA","Beauregard",NA,1,NA,3,NA,NA
"1872","LA","Claiborne",NA,6,3,9,3,NA
"1873","LA","Franklin",NA,8,NA,16,1,NA
"1874","LA","Lincoln",NA,3,NA,38,NA,NA
"1875","LA","Madison",NA,1,NA,1,NA,NA
"1876","LA","Orleans",NA,8,4,24,14,NA
"1877","LA","St. Landry",NA,2,NA,51,1,NA
"1878","LA","St. Mary",NA,3,NA,NA,1,NA
"1879","MI","Antrim",NA,4,NA,3,3,NA
"1880","MI","Benzie",NA,1,NA,3,NA,NA
"1881","MI","Gogebic",NA,4,NA,NA,NA,NA
"1882","MI","Huron",NA,1,NA,43,2,NA
"1883","MI","Iron",NA,1,NA,19,NA,NA
"1884","MI","Lake",NA,1,1,NA,1,NA
"1885","MI","Tuscola",NA,10,15,8,NA,NA
"1886","MN","Carver",NA,3,1,NA,NA,NA
"1887","MN","Cook",NA,1,NA,1,NA,NA
"1888","MN","Faribault",NA,7,NA,9,4,NA
"1889","MN","Isanti",NA,5,17,42,20,NA
"1890","MN","Kandiyohi",NA,1,NA,NA,NA,NA
"1891","MN","Meeker",NA,1,NA,13,7,NA
"1892","MN","Nobles",NA,10,8,2,9,NA
"1893","MN","Rock",NA,1,1,3,NA,NA
"1894","MN","Steele",NA,1,NA,NA,NA,NA
"1895","MN","Watonwan",NA,1,NA,30,NA,NA
"1896","MO","Audrain",NA,2,4,6,1,NA
"1897","MO","Christian",NA,4,3,45,7,NA
"1898","MO","Grundy",NA,3,NA,NA,NA,NA
"1899","MO","Henry",NA,3,NA,NA,NA,NA
"1900","MO","Lewis",NA,1,NA,NA,NA,NA
"1901","MO","Marion",NA,1,NA,NA,2,NA
"1902","MO","Perry",NA,10,NA,4,3,NA
"1903","MO","Putnam",NA,4,NA,3,1,NA
"1904","MO","St. Clair",NA,1,NA,6,NA,NA
"1905","MO","Washington",NA,2,5,7,NA,NA
"1906","MO","Worth",NA,3,NA,NA,1,NA
"1907","MO","Wright",NA,3,1,NA,1,NA
"1908","MS","Copiah",NA,1,1,5,NA,NA
"1909","MS","Forrest",NA,2,NA,NA,NA,NA
"1910","MS","George",NA,1,NA,1,2,NA
"1911","MS","Holmes",NA,2,NA,1,NA,NA
"1912","MS","Humphreys",NA,2,NA,NA,NA,NA
"1913","MS","Leake",NA,1,NA,NA,1,NA
"1914","MS","Leflore",NA,1,1,NA,1,NA
"1915","MS","Marshall",NA,1,NA,NA,NA,NA
"1916","MS","Montgomery",NA,1,NA,1,NA,NA
"1917","MS","Scott",NA,3,1,NA,10,NA
"1918","MS","Sharkey",NA,5,NA,1,NA,NA
"1919","MS","Sunflower",NA,1,NA,23,2,NA
"1920","MS","Tallahatchie",NA,25,NA,NA,NA,NA
"1921","MS","Union",NA,3,NA,2,NA,NA
"1922","MS","Walthall",NA,7,NA,11,NA,NA
"1923","MS","Wilkinson",NA,1,NA,NA,NA,NA
"1924","NC","Hertford",NA,1,NA,NA,NA,NA
"1925","NC","Montgomery",NA,2,NA,NA,NA,NA
"1926","NC","Stokes",NA,3,NA,3,NA,NA
"1927","NC","Yancey",NA,2,1,NA,NA,NA
"1928","ND","Adams",NA,7,2,NA,NA,NA
"1929","NE","Burt",NA,1,NA,4,1,NA
"1930","NE","Greeley",NA,5,NA,NA,NA,NA
"1931","NE","Knox",NA,2,NA,4,3,NA
"1932","NE","Pawnee",NA,2,NA,5,NA,NA
"1933","NE","Rock",NA,1,NA,2,NA,NA
"1934","NE","Seward",NA,3,NA,8,2,NA
"1935","NE","Valley",NA,5,3,1,4,NA
"1936","NM","Sierra",NA,22,7,1,1,NA
"1937","NV","Nye",NA,3,NA,1,NA,NA
"1938","NY","Cattaraugus",NA,2,NA,NA,NA,NA
"1939","NY","Chautauqua",NA,2,NA,1,NA,NA
"1940","NY","Montgomery",NA,4,2,NA,37,NA
"1941","NY","Oswego",NA,1,NA,1,NA,NA
"1942","NY","Otsego",NA,1,NA,NA,NA,NA
"1943","NY","Rockland",NA,22,17,20,4,1
"1944","OH","Athens",NA,7,2,39,8,NA
"1945","OH","Jackson",NA,4,NA,NA,NA,NA
"1946","OH","Morgan",NA,1,NA,NA,NA,NA
"1947","OK","Atoka",NA,3,NA,NA,NA,NA
"1948","OK","Grady",NA,1,2,1,NA,NA
"1949","OK","Harmon",NA,13,NA,2,NA,NA
"1950","OK","Hughes",NA,2,NA,22,NA,NA
"1951","OK","Jefferson",NA,3,5,11,3,NA
"1952","OK","Kingfisher",NA,5,NA,52,1,NA
"1953","OK","Kiowa",NA,1,2,1,NA,NA
"1954","OK","Love",NA,3,4,13,3,NA
"1955","OK","McClain",NA,2,3,9,1,NA
"1956","OK","Okmulgee",NA,1,NA,33,NA,NA
"1957","OK","Ottawa",NA,4,NA,11,1,NA
"1958","OK","Pottawatomie",NA,1,1,36,19,NA
"1959","OK","Rogers",NA,4,NA,36,NA,NA
"1960","OK","Sequoyah",NA,1,5,13,5,NA
"1961","OK","Texas",NA,6,3,NA,1,NA
"1962","OK","Wagoner",NA,1,1,10,NA,NA
"1963","OR","Columbia",NA,2,NA,6,NA,NA
"1964","OR","Curry",NA,1,NA,1,NA,NA
"1965","OR","Tillamook",NA,18,1,NA,1,NA
"1966","OR","Union",NA,3,1,NA,NA,NA
"1967","PA","Greene",NA,2,31,NA,18,NA
"1968","PA","Susquehanna",NA,1,NA,1,NA,NA
"1969","PR","San Juan",NA,1,NA,14,1,NA
"1970","SC","Clarendon",NA,1,NA,15,NA,NA
"1971","SD","Bennett",NA,3,1,10,NA,NA
"1972","SD","Bon Homme",NA,1,5,2,NA,NA
"1973","SD","Brookings",NA,3,2,11,NA,NA
"1974","SD","Charles Mix",NA,2,1,24,5,NA
"1975","SD","Deuel",NA,4,NA,6,4,NA
"1976","SD","Faulk",NA,3,NA,2,3,NA
"1977","SD","Hamlin",NA,4,NA,1,NA,NA
"1978","SD","Hyde",NA,1,NA,2,NA,NA
"1979","SD","Jerauld",NA,1,2,NA,NA,NA
"1980","SD","Lincoln",NA,2,3,NA,1,NA
"1981","TN","Loudon",NA,1,NA,NA,NA,NA
"1982","TN","Obion",NA,13,12,1,6,NA
"1983","TN","Sevier",NA,1,NA,31,1,NA
"1984","TX","Bee",NA,1,NA,NA,NA,NA
"1985","TX","Caldwell",NA,2,NA,8,3,NA
"1986","TX","Coleman",NA,2,NA,8,NA,NA
"1987","TX","Colorado",NA,7,NA,9,NA,NA
"1988","TX","Crane",NA,1,1,1,NA,NA
"1989","TX","Erath",NA,15,4,11,11,NA
"1990","TX","Goliad",NA,3,NA,2,1,NA
"1991","TX","Haskell",NA,2,NA,5,NA,NA
"1992","TX","Jack",NA,1,NA,1,NA,NA
"1993","TX","Jackson",NA,2,NA,NA,NA,NA
"1994","TX","Jones",NA,1,2,12,1,NA
"1995","TX","Knox",NA,2,NA,7,NA,NA
"1996","TX","Lipscomb",NA,3,NA,NA,NA,NA
"1997","TX","Montague",NA,2,NA,NA,2,NA
"1998","TX","Nacogdoches",NA,10,6,NA,NA,NA
"1999","TX","Nolan",NA,2,NA,2,NA,NA
"2000","TX","Ochiltree",NA,14,4,12,2,NA
"2001","TX","Pecos",NA,1,1,NA,NA,NA
"2002","TX","Rains",NA,3,1,7,1,NA
"2003","TX","San Saba",NA,6,NA,NA,NA,NA
"2004","TX","Terry",NA,4,NA,6,NA,NA
"2005","TX","Wilson",NA,5,1,1,3,3
"2006","UT","Cache",NA,1,NA,6,1,NA
"2007","UT","Washington",NA,3,NA,2,1,18
"2008","VA","Albermarle",NA,9,NA,10,NA,NA
"2009","VA","Augusta",NA,1,5,1,4,NA
"2010","VA","Chesapeake City",NA,1,NA,15,4,NA
"2011","VA","Danville City",NA,1,NA,5,NA,NA
"2012","VA","Grayson",NA,1,NA,1,NA,NA
"2013","VA","Richmond City",NA,1,4,37,6,NA
"2014","VA","Sussex",NA,1,1,NA,NA,NA
"2015","WA","Island",NA,1,1,2,1,NA
"2016","WA","Pacific",NA,1,NA,NA,NA,NA
"2017","WI","Iron",NA,1,NA,1,NA,NA
"2018","WI","Monroe",NA,1,1,NA,NA,NA
"2019","WI","Price",NA,1,1,NA,2,NA
"2020","WI","Sauk",NA,1,NA,NA,NA,NA
"2021","WI","Vernon",NA,5,NA,22,6,NA
"2022","WV","Summers",NA,1,NA,NA,NA,NA
"2023","AK","Ketchikan",NA,NA,1,42,NA,NA
"2024","AL","Calhoun",NA,NA,1,9,NA,NA
"2025","AL","Pickens",NA,NA,3,16,6,NA
"2026","AR","Columbia",NA,NA,1,NA,NA,NA
"2027","AR","Independence",NA,NA,1,7,NA,NA
"2028","AR","Lincoln",NA,NA,2,NA,NA,NA
"2029","AR","Logan",NA,NA,1,6,NA,NA
"2030","AR","Newton",NA,NA,1,NA,NA,NA
"2031","AZ","Navajo",NA,NA,1,1,NA,NA
"2032","AZ","Yuma",NA,NA,1,NA,NA,NA
"2033","CO","Huerfano",NA,NA,2,NA,NA,NA
"2034","CO","Teller",NA,NA,3,3,NA,NA
"2035","GA","Glascock",NA,NA,1,3,NA,NA
"2036","GA","Oconee",NA,NA,1,NA,NA,NA
"2037","GA","Troup",NA,NA,1,26,3,NA
"2038","GA","Whitfield",NA,NA,2,12,1,NA
"2039","ID","Bonner",NA,NA,3,NA,NA,NA
"2040","ID","Washington",NA,NA,1,NA,NA,NA
"2041","IL","Edgar",NA,NA,1,NA,NA,NA
"2042","IL","Hamilton",NA,NA,1,NA,NA,NA
"2043","KY","Bath",NA,NA,2,1,NA,NA
"2044","KY","Fulton",NA,NA,1,NA,NA,NA
"2045","KY","Nelson",NA,NA,1,NA,NA,NA
"2046","KY","Robertson",NA,NA,1,NA,NA,NA
"2047","LA","Acadia",NA,NA,1,20,6,NA
"2048","MA","Barnstable",NA,NA,4,4,NA,NA
"2049","MA","Berkshire",NA,NA,1,7,NA,NA
"2050","MI","Charlevoix",NA,NA,4,1,1,NA
"2051","MI","Delta",NA,NA,3,49,NA,NA
"2052","MI","Houghton",NA,NA,16,1,NA,NA
"2053","MI","Lapeer",NA,NA,8,2,NA,NA
"2054","MN","Cottonwood",NA,NA,1,41,NA,NA
"2055","MN","Lac qui Parle",NA,NA,2,6,NA,NA
"2056","MN","Pope",NA,NA,1,1,NA,NA
"2057","MN","Sherburne",NA,NA,1,NA,1,NA
"2058","MO","Butler",NA,NA,1,1,NA,NA
"2059","MO","Knox",NA,NA,1,1,NA,NA
"2060","MO","Montgomery",NA,NA,1,46,36,NA
"2061","MO","Scotland",NA,NA,6,NA,NA,NA
"2062","MO","Scott",NA,NA,1,1,NA,NA
"2063","MO","Warren",NA,NA,1,3,2,NA
"2064","MS","Noxubee",NA,NA,1,NA,NA,NA
"2065","MS","Washington",NA,NA,1,NA,NA,NA
"2066","MS","Yazoo",NA,NA,2,6,NA,NA
"2067","MT","Big Horn",NA,NA,1,NA,NA,NA
"2068","MT","Blaine",NA,NA,1,NA,NA,NA
"2069","MT","Wibaux",NA,NA,1,NA,NA,NA
"2070","NC","Swain",NA,NA,1,NA,NA,NA
"2071","NC","Transylvania",NA,NA,1,1,NA,NA
"2072","ND","Logan",NA,NA,1,NA,NA,NA
"2073","NE","Colfax",NA,NA,1,10,NA,NA
"2074","NE","Fillmore",NA,NA,1,7,NA,NA
"2075","NE","Hamilton",NA,NA,1,2,3,NA
"2076","NE","Howard",NA,NA,3,7,NA,NA
"2077","NE","Nemaha",NA,NA,1,NA,NA,NA
"2078","NJ","Hunterdon",NA,NA,1,3,2,NA
"2079","NJ","Somerset",NA,NA,28,29,NA,NA
"2080","NM","Eddy",NA,NA,1,NA,NA,NA
"2081","NY","Onondaga",NA,NA,4,4,NA,NA
"2082","NY","Orleans",NA,NA,6,4,4,NA
"2083","NY","Warren",NA,NA,5,NA,1,NA
"2084","OH","Defiance",NA,NA,1,7,NA,NA
"2085","OH","Delaware",NA,NA,2,16,1,NA
"2086","OH","Paulding",NA,NA,1,1,NA,NA
"2087","OK","Beckham",NA,NA,1,NA,NA,NA
"2088","OK","McIntosh",NA,NA,1,10,NA,NA
"2089","OK","Tillman",NA,NA,2,NA,NA,NA
"2090","PA","Armstrong",NA,NA,2,NA,NA,NA
"2091","PA","Snyder",NA,NA,1,NA,NA,NA
"2092","SC","Marion",NA,NA,2,8,NA,NA
"2093","SC","Williamsburg",NA,NA,1,NA,1,NA
"2094","SD","Haakon",NA,NA,1,NA,NA,NA
"2095","SD","McCook",NA,NA,3,NA,NA,NA
"2096","TN","Franklin",NA,NA,1,4,NA,NA
"2097","TN","Hawkins",NA,NA,2,1,1,NA
"2098","TN","Humphreys",NA,NA,1,NA,NA,NA
"2099","TN","Monroe",NA,NA,1,NA,NA,NA
"2100","TN","Van Buren",NA,NA,1,15,NA,NA
"2101","TX","Austin",NA,NA,1,1,NA,NA
"2102","TX","Calhoun",NA,NA,3,NA,NA,NA
"2103","TX","Cass",NA,NA,1,1,NA,NA
"2104","TX","Lamar",NA,NA,1,2,NA,NA
"2105","TX","Ward",NA,NA,1,NA,NA,NA
"2106","VA","Arlington",NA,NA,43,1,NA,NA
"2107","VA","Frederick",NA,NA,2,23,NA,NA
"2108","VA","Harrisonburg City",NA,NA,1,5,NA,NA
"2109","VA","Lexington City",NA,NA,1,2,NA,NA
"2110","VA","Page",NA,NA,1,NA,NA,NA
"2111","VA","Portsmouth City",NA,NA,1,NA,NA,NA
"2112","WI","Marinette",NA,NA,2,NA,NA,NA
"2113","WI","Oconto",NA,NA,3,1,1,NA
"2114","WI","Richland",NA,NA,1,NA,NA,NA
"2115","WV","Preston",NA,NA,1,NA,NA,NA
"2116","WY","Big Horn",NA,NA,1,NA,NA,NA
"2117","WY","Johnson",NA,NA,1,18,NA,NA
"2118","AL","Autauga",NA,NA,NA,2,NA,NA
"2119","AL","Covington",NA,NA,NA,11,NA,NA
"2120","AL","Crenshaw",NA,NA,NA,7,NA,NA
"2121","AL","Dale",NA,NA,NA,6,NA,NA
"2122","AL","Lawrence",NA,NA,NA,1,NA,NA
"2123","AL","Marengo",NA,NA,NA,15,NA,NA
"2124","AL","Marion",NA,NA,NA,1,NA,NA
"2125","AL","Walker",NA,NA,NA,7,NA,NA
"2126","AR","Cleburne",NA,NA,NA,3,NA,NA
"2127","AR","Craighead",NA,NA,NA,1,NA,NA
"2128","AR","Nevada",NA,NA,NA,15,NA,NA
"2129","AR","Ouachita",NA,NA,NA,5,NA,NA
"2130","AR","Union",NA,NA,NA,6,NA,NA
"2131","AR","Washington",NA,NA,NA,43,NA,NA
"2132","CA","San Luis Obispo",NA,NA,NA,11,NA,NA
"2133","CA","Tehama",NA,NA,NA,2,NA,NA
"2134","CO","Chaffee",NA,NA,NA,1,NA,NA
"2135","CO","Cheyenne",NA,NA,NA,1,NA,NA
"2136","FL","Hamilton",NA,NA,NA,6,NA,NA
"2137","FL","Hendry",NA,NA,NA,5,NA,NA
"2138","FL","Nassau",NA,NA,NA,17,NA,NA
"2139","FL","Sumter",NA,NA,NA,34,NA,NA
"2140","FL","Taylor",NA,NA,NA,11,NA,NA
"2141","GA","Appling",NA,NA,NA,9,NA,NA
"2142","GA","Douglas",NA,NA,NA,18,NA,NA
"2143","GA","Fannin",NA,NA,NA,1,NA,NA
"2144","GA","Gilmer",NA,NA,NA,7,NA,NA
"2145","GA","Heard",NA,NA,NA,2,NA,NA
"2146","GA","Jenkins",NA,NA,NA,1,NA,1
"2147","GA","Mitchell",NA,NA,NA,17,1,NA
"2148","GA","Pickens",NA,NA,NA,15,NA,NA
"2149","GA","Spalding",NA,NA,NA,1,NA,NA
"2150","GA","Stewart",NA,NA,NA,2,NA,NA
"2151","GA","Telfair",NA,NA,NA,10,NA,NA
"2152","GA","Toombs",NA,NA,NA,5,NA,NA
"2153","GA","Treutlen",NA,NA,NA,2,NA,NA
"2154","GA","Upson",NA,NA,NA,4,NA,NA
"2155","GA","Wheeler",NA,NA,NA,20,NA,NA
"2156","IA","Adair",NA,NA,NA,8,NA,NA
"2157","IA","Appanoose",NA,NA,NA,1,NA,NA
"2158","IA","Buena Vista",NA,NA,NA,2,NA,NA
"2159","IA","Fremont",NA,NA,NA,3,NA,NA
"2160","IA","Jefferson",NA,NA,NA,1,1,NA
"2161","IA","Lucas",NA,NA,NA,10,NA,NA
"2162","IA","Osceola",NA,NA,NA,1,NA,NA
"2163","IA","Shelby",NA,NA,NA,1,NA,NA
"2164","ID","Benewah",NA,NA,NA,1,NA,NA
"2165","ID","Bingham",NA,NA,NA,4,NA,NA
"2166","ID","Caribou",NA,NA,NA,1,NA,NA
"2167","ID","Franklin",NA,NA,NA,11,NA,NA
"2168","ID","Gem",NA,NA,NA,3,NA,NA
"2169","ID","Payette",NA,NA,NA,3,NA,NA
"2170","IL","Clinton",NA,NA,NA,1,NA,NA
"2171","IL","Henderson",NA,NA,NA,3,NA,NA
"2172","IL","Kendall",NA,NA,NA,14,NA,NA
"2173","IL","Lee",NA,NA,NA,9,NA,NA
"2174","IL","Stark",NA,NA,NA,17,1,NA
"2175","IL","Wayne",NA,NA,NA,12,NA,NA
"2176","IN","Boone",NA,NA,NA,3,1,NA
"2177","IN","Brown",NA,NA,NA,8,NA,NA
"2178","IN","Crawford",NA,NA,NA,1,NA,NA
"2179","IN","Fayette",NA,NA,NA,3,NA,NA
"2180","IN","Lawrence",NA,NA,NA,3,8,NA
"2181","IN","Monroe",NA,NA,NA,12,NA,NA
"2182","IN","Newton",NA,NA,NA,21,NA,NA
"2183","IN","Orange",NA,NA,NA,11,NA,NA
"2184","IN","Starke",NA,NA,NA,1,NA,NA
"2185","KS","Barber",NA,NA,NA,4,NA,NA
"2186","KS","Edwards",NA,NA,NA,7,5,NA
"2187","KS","Gray",NA,NA,NA,10,NA,NA
"2188","KS","Greenwood",NA,NA,NA,1,NA,NA
"2189","KS","Lincoln",NA,NA,NA,1,NA,NA
"2190","KS","Osage",NA,NA,NA,18,NA,NA
"2191","KS","Rooks",NA,NA,NA,29,NA,NA
"2192","KS","Russell",NA,NA,NA,4,1,NA
"2193","KY","Clark",NA,NA,NA,26,NA,NA
"2194","KY","Clinton",NA,NA,NA,2,NA,NA
"2195","KY","Gallatin",NA,NA,NA,12,NA,NA
"2196","KY","Green",NA,NA,NA,1,NA,NA
"2197","KY","Harlan",NA,NA,NA,14,NA,NA
"2198","KY","Harrison",NA,NA,NA,1,NA,NA
"2199","KY","Logan",NA,NA,NA,6,NA,NA
"2200","KY","Mason",NA,NA,NA,6,NA,NA
"2201","KY","Menifee",NA,NA,NA,30,NA,NA
"2202","KY","Nicholas",NA,NA,NA,1,NA,NA
"2203","LA","Evangeline",NA,NA,NA,2,NA,NA
"2204","LA","Jefferson Davis",NA,NA,NA,11,1,NA
"2205","LA","Natchitoches",NA,NA,NA,31,NA,NA
"2206","LA","Richland",NA,NA,NA,41,1,NA
"2207","LA","Washington",NA,NA,NA,1,NA,NA
"2208","LA","West Baton Rouge",NA,NA,NA,9,1,NA
"2209","LA","West Feliciana",NA,NA,NA,1,NA,NA
"2210","ME","Sagadahoc",NA,NA,NA,1,NA,NA
"2211","MI","Branch",NA,NA,NA,2,NA,NA
"2212","MI","Clare",NA,NA,NA,28,3,NA
"2213","MI","Eaton",NA,NA,NA,28,1,NA
"2214","MI","Jackson",NA,NA,NA,25,NA,NA
"2215","MI","Midland",NA,NA,NA,71,40,NA
"2216","MI","Missaukee",NA,NA,NA,36,NA,NA
"2217","MI","Montcalm",NA,NA,NA,8,NA,NA
"2218","MI","Newaygo",NA,NA,NA,25,6,NA
"2219","MI","Oceana",NA,NA,NA,1,NA,NA
"2220","MI","Ontonagon",NA,NA,NA,2,NA,NA
"2221","MI","Presque Isle",NA,NA,NA,9,9,NA
"2222","MN","Big Stone",NA,NA,NA,3,NA,NA
"2223","MN","Pine",NA,NA,NA,2,NA,NA
"2224","MN","Roseau",NA,NA,NA,1,NA,NA
"2225","MO","Atchison",NA,NA,NA,2,NA,NA
"2226","MO","Bates",NA,NA,NA,22,22,NA
"2227","MO","Cedar",NA,NA,NA,3,NA,NA
"2228","MO","Dallas",NA,NA,NA,3,1,NA
"2229","MO","Gasconade",NA,NA,NA,41,NA,NA
"2230","MO","Linn",NA,NA,NA,14,3,NA
"2231","MO","Pulaski",NA,NA,NA,1,NA,NA
"2232","MO","Ste. Genevieve",NA,NA,NA,1,NA,NA
"2233","MO","Webster",NA,NA,NA,3,2,NA
"2234","MS","Greene",NA,NA,NA,11,NA,NA
"2235","MS","Neshoba",NA,NA,NA,5,NA,NA
"2236","MS","Tate",NA,NA,NA,9,1,NA
"2237","MT","Valley",NA,NA,NA,1,NA,NA
"2238","NC","Anson",NA,NA,NA,5,NA,NA
"2239","NC","Beaufort",NA,NA,NA,24,NA,NA
"2240","NC","Craven",NA,NA,NA,22,NA,NA
"2241","NC","Graham",NA,NA,NA,4,NA,NA
"2242","NC","Macon",NA,NA,NA,7,NA,NA
"2243","NC","Martin",NA,NA,NA,2,NA,NA
"2244","NC","Onslow",NA,NA,NA,13,NA,NA
"2245","NC","Pamlico",NA,NA,NA,4,NA,NA
"2246","NC","Polk",NA,NA,NA,1,NA,NA
"2247","NC","Stanly",NA,NA,NA,3,NA,NA
"2248","NC","Washington",NA,NA,NA,14,NA,NA
"2249","ND","Bowman",NA,NA,NA,14,15,NA
"2250","ND","Burleigh",NA,NA,NA,2,3,NA
"2251","ND","Eddy",NA,NA,NA,1,NA,NA
"2252","ND","Ramsey",NA,NA,NA,3,NA,NA
"2253","NE","Adams",NA,NA,NA,11,NA,NA
"2254","NE","Brown",NA,NA,NA,1,1,NA
"2255","NE","Holt",NA,NA,NA,1,NA,NA
"2256","NE","Nuckolls",NA,NA,NA,2,NA,NA
"2257","NE","Otoe",NA,NA,NA,1,NA,NA
"2258","NE","Red Willow",NA,NA,NA,1,NA,NA
"2259","NE","Webster",NA,NA,NA,3,NA,NA
"2260","NE","York",NA,NA,NA,27,NA,NA
"2261","NM","Luna",NA,NA,NA,14,NA,NA
"2262","NV","Churchill",NA,NA,NA,1,NA,NA
"2263","NV","Humboldt",NA,NA,NA,1,NA,NA
"2264","NY","Clinton",NA,NA,NA,1,NA,NA
"2265","NY","Delaware",NA,NA,NA,2,1,NA
"2266","NY","Herkimer",NA,NA,NA,1,NA,NA
"2267","OH","Coshocton",NA,NA,NA,28,NA,NA
"2268","OH","Morrow",NA,NA,NA,25,5,NA
"2269","OH","Van Wert",NA,NA,NA,10,NA,NA
"2270","OK","Beaver",NA,NA,NA,10,NA,NA
"2271","OK","Cherokee",NA,NA,NA,31,1,NA
"2272","OK","Cotton",NA,NA,NA,12,1,NA
"2273","OK","Creek",NA,NA,NA,17,NA,NA
"2274","OK","Harper",NA,NA,NA,1,NA,NA
"2275","OK","McCurtain",NA,NA,NA,15,1,NA
"2276","OK","Nowata",NA,NA,NA,1,NA,NA
"2277","OK","Pontotoc",NA,NA,NA,4,NA,NA
"2278","OK","Pushmataha",NA,NA,NA,11,NA,NA
"2279","OR","Clatsop",NA,NA,NA,3,NA,NA
"2280","OR","Grant",NA,NA,NA,1,NA,NA
"2281","OR","Lincoln",NA,NA,NA,1,NA,NA
"2282","OR","Malheur",NA,NA,NA,1,NA,NA
"2283","PA","Wyoming",NA,NA,NA,1,NA,NA
"2284","SC","Dillon",NA,NA,NA,1,NA,NA
"2285","SC","Marlboro",NA,NA,NA,22,NA,NA
"2286","SC","Saluda",NA,NA,NA,15,NA,NA
"2287","SD","Beadle",NA,NA,NA,1,NA,NA
"2288","SD","Brown",NA,NA,NA,2,3,NA
"2289","SD","Butte",NA,NA,NA,2,NA,NA
"2290","SD","Codington",NA,NA,NA,1,NA,NA
"2291","SD","Day",NA,NA,NA,26,NA,NA
"2292","SD","Kingsbury",NA,NA,NA,1,4,NA
"2293","TN","Cannon",NA,NA,NA,6,1,NA
"2294","TN","Cumberland",NA,NA,NA,18,NA,NA
"2295","TN","Greene",NA,NA,NA,1,NA,NA
"2296","TN","Jefferson",NA,NA,NA,12,1,NA
"2297","TN","Marshall",NA,NA,NA,9,NA,NA
"2298","TN","Polk",NA,NA,NA,1,NA,NA
"2299","TN","Scott",NA,NA,NA,30,NA,NA
"2300","TN","Wayne",NA,NA,NA,4,2,NA
"2301","TN","Wilson",NA,NA,NA,5,NA,NA
"2302","TX","Blanco",NA,NA,NA,5,NA,NA
"2303","TX","Burnet",NA,NA,NA,1,1,NA
"2304","TX","Childress",NA,NA,NA,5,NA,NA
"2305","TX","Hemphill",NA,NA,NA,1,NA,NA
"2306","TX","Llano",NA,NA,NA,3,NA,NA
"2307","TX","Reagan",NA,NA,NA,1,NA,NA
"2308","TX","Rusk",NA,NA,NA,1,NA,NA
"2309","TX","Schleicher",NA,NA,NA,11,NA,NA
"2310","TX","Scurry",NA,NA,NA,2,NA,NA
"2311","VA","Bath",NA,NA,NA,6,NA,NA
"2312","VA","Bland",NA,NA,NA,1,NA,NA
"2313","VA","Buena Vista City",NA,NA,NA,8,1,NA
"2314","VA","Carroll",NA,NA,NA,3,2,NA
"2315","VA","Clarke",NA,NA,NA,10,NA,NA
"2316","VA","Dickenson",NA,NA,NA,2,2,NA
"2317","VA","Fairfax City",NA,NA,NA,6,NA,NA
"2318","VA","Giles",NA,NA,NA,2,2,NA
"2319","VA","Goochland",NA,NA,NA,38,5,NA
"2320","VA","Halifax",NA,NA,NA,13,NA,NA
"2321","VA","Hanover",NA,NA,NA,2,NA,NA
"2322","VA","Isle of Wight",NA,NA,NA,34,34,NA
"2323","VA","King William",NA,NA,NA,34,34,NA
"2324","VA","Mathews",NA,NA,NA,34,34,NA
"2325","VA","Orange",NA,NA,NA,4,NA,NA
"2326","VA","Poquoson",NA,NA,NA,11,NA,NA
"2327","VA","Pulaski",NA,NA,NA,2,1,NA
"2328","VA","Richmond",NA,NA,NA,28,28,NA
"2329","VA","Salem City",NA,NA,NA,13,10,NA
"2330","VA","Scott",NA,NA,NA,1,NA,NA
"2331","WA","Asotin",NA,NA,NA,1,NA,NA
"2332","WA","Chelan",NA,NA,NA,2,1,NA
"2333","WA","Lewis",NA,NA,NA,9,NA,NA
"2334","WI","Buffalo",NA,NA,NA,4,NA,NA
"2335","WI","Marquette",NA,NA,NA,2,NA,NA
"2336","WV","Hancock",NA,NA,NA,3,NA,NA
"2337","WV","Ohio",NA,NA,NA,3,NA,NA
"2338","WY","Converse",NA,NA,NA,9,NA,NA
"2339","WY","Weston",NA,NA,NA,20,NA,NA
"2340","AR","Cleveland",NA,NA,NA,NA,1,NA
"2341","AR","Perry",NA,NA,NA,NA,1,NA
"2342","GA","Effingham",NA,NA,NA,NA,1,NA
"2343","GA","Lumpkin",NA,NA,NA,NA,1,NA
"2344","IA","Van Buren",NA,NA,NA,NA,1,NA
"2345","IL","Jo Daviess",NA,NA,NA,NA,1,NA
"2346","KS","Gove",NA,NA,NA,NA,2,NA
"2347","KS","Ness",NA,NA,NA,NA,10,NA
"2348","KS","Riley",NA,NA,NA,NA,2,NA
"2349","KY","Caldwell",NA,NA,NA,NA,7,NA
"2350","KY","Carter",NA,NA,NA,NA,1,NA
"2351","KY","Henderson",NA,NA,NA,NA,1,NA
"2352","KY","Magoffin",NA,NA,NA,NA,1,NA
"2353","LA","St. Helena",NA,NA,NA,NA,1,NA
"2354","MN","Lake",NA,NA,NA,NA,6,NA
"2355","MO","Macon",NA,NA,NA,NA,1,NA
"2356","MS","Clay",NA,NA,NA,NA,1,NA
"2357","MS","Tunica",NA,NA,NA,NA,2,NA
"2358","MT","Powell",NA,NA,NA,NA,1,NA
"2359","MT","Stillwater",NA,NA,NA,NA,1,NA
"2360","NC","Granville",NA,NA,NA,NA,1,NA
"2361","ND","Rolette",NA,NA,NA,NA,42,NA
"2362","NV","Lincoln",NA,NA,NA,NA,1,NA
"2363","OH","Guernsey",NA,NA,NA,NA,1,NA
"2364","SC","McCormick",NA,NA,NA,NA,1,NA
"2365","TX","Clay",NA,NA,NA,NA,1,NA
"2366","TX","Hunt",NA,NA,NA,NA,1,NA
"2367","VA","Fauquier",NA,NA,NA,NA,6,NA
"2368","GA","Miller",NA,NA,NA,NA,NA,1
"2369","KY","Rockcastle",NA,NA,NA,NA,NA,1
"2370","LA","Livingston",NA,NA,NA,NA,NA,1
"2371","PR","Vega Baja",NA,NA,NA,NA,NA,1
"2372","WA","Kittitas",NA,NA,NA,NA,NA,2
